--EMPLEADO

insert into empleado (empleado_id, nombre, apellido_paterno, apellido_materno, fecha_ingreso, rfc) values (empleado_seq.nextval, 'Beverly', 'Ivanonko', 'Feaks', to_date('22/04/2002','dd/mm/yyyy'), 'SHBY935449');
insert into empleado (empleado_id, nombre, apellido_paterno, apellido_materno, fecha_ingreso, rfc) values (empleado_seq.nextval, 'Meggie', 'Blizard', 'Coverdill', to_date('08/10/2017','dd/mm/yyyy'), 'KEVZ143937');
insert into empleado (empleado_id, nombre, apellido_paterno, apellido_materno, fecha_ingreso, rfc) values (empleado_seq.nextval, 'Gregoire', 'Mixon', 'Tissington', to_date('25/04/2014','dd/mm/yyyy'), 'OMWM425956');
insert into empleado (empleado_id, nombre, apellido_paterno, apellido_materno, fecha_ingreso, rfc) values (empleado_seq.nextval, 'Seth', 'Meikle', 'Summerell', to_date('21/02/2013','dd/mm/yyyy'), 'YKOA483981');
insert into empleado (empleado_id, nombre, apellido_paterno, apellido_materno, fecha_ingreso, rfc) values (empleado_seq.nextval, 'Cori', 'Popland', 'Shitliffe', to_date('13/03/2017','dd/mm/yyyy'), 'ZRBC352088');
insert into empleado (empleado_id, nombre, apellido_paterno, apellido_materno, fecha_ingreso, rfc) values (empleado_seq.nextval, 'Brannon', 'McLemon', 'Newlands', to_date('28/08/2010','dd/mm/yyyy'), 'OZVS081181');
insert into empleado (empleado_id, nombre, apellido_paterno, apellido_materno, fecha_ingreso, rfc) values (empleado_seq.nextval, 'Lorelle', 'Linch', 'Aggio', to_date('03/08/2006','dd/mm/yyyy'), 'DUHI254014');
insert into empleado (empleado_id, nombre, apellido_paterno, apellido_materno, fecha_ingreso, rfc) values (empleado_seq.nextval, 'Bertine', 'Morrallee', 'O''Dougherty', to_date('02/10/2018','dd/mm/yyyy'), 'LYFI454213');
insert into empleado (empleado_id, nombre, apellido_paterno, apellido_materno, fecha_ingreso, rfc) values (empleado_seq.nextval, 'Gregoor', 'Wase', 'Hannay', to_date('11/06/2012','dd/mm/yyyy'), 'JXSV430519');
insert into empleado (empleado_id, nombre, apellido_paterno, apellido_materno, fecha_ingreso, rfc) values (empleado_seq.nextval, 'Jeffrey', 'Keppie', 'Luppitt', to_date('25/01/2014','dd/mm/yyyy'), 'RJOC454231');
insert into empleado (empleado_id, nombre, apellido_paterno, apellido_materno, fecha_ingreso, rfc) values (empleado_seq.nextval, 'Mercedes', 'Shmyr', 'Shivlin', to_date('06/11/2003','dd/mm/yyyy'), 'EFBM947326');
insert into empleado (empleado_id, nombre, apellido_paterno, apellido_materno, fecha_ingreso, rfc) values (empleado_seq.nextval, 'Adda', 'Betjeman', 'Winkle', to_date('21/08/2005','dd/mm/yyyy'), 'WHRD572160');
insert into empleado (empleado_id, nombre, apellido_paterno, apellido_materno, fecha_ingreso, rfc) values (empleado_seq.nextval, 'Nelia', 'Collie', 'Abdon', to_date('06/09/2002','dd/mm/yyyy'), 'MVAM925777');
insert into empleado (empleado_id, nombre, apellido_paterno, apellido_materno, fecha_ingreso, rfc) values (empleado_seq.nextval, 'Linn', 'Sobtka', 'Acarson', to_date('21/03/2008','dd/mm/yyyy'), 'AXDD508323');
insert into empleado (empleado_id, nombre, apellido_paterno, apellido_materno, fecha_ingreso, rfc) values (empleado_seq.nextval, 'Marinna', 'Giannazzi', 'Briant', to_date('15/03/2015','dd/mm/yyyy'), 'HMNE966009');
insert into empleado (empleado_id, nombre, apellido_paterno, apellido_materno, fecha_ingreso, rfc) values (empleado_seq.nextval, 'Clem', 'Wolfenden', 'Kleinplatz', to_date('23/06/2004','dd/mm/yyyy'), 'XYQC212849');
insert into empleado (empleado_id, nombre, apellido_paterno, apellido_materno, fecha_ingreso, rfc) values (empleado_seq.nextval, 'Gwenette', 'Gibard', 'Clews', to_date('29/11/2004','dd/mm/yyyy'), 'TYHD175540');
insert into empleado (empleado_id, nombre, apellido_paterno, apellido_materno, fecha_ingreso, rfc) values (empleado_seq.nextval, 'Wyatt', 'Roggero', 'Pichmann', to_date('02/02/2003','dd/mm/yyyy'), 'AJDQ826819');
insert into empleado (empleado_id, nombre, apellido_paterno, apellido_materno, fecha_ingreso, rfc) values (empleado_seq.nextval, 'Adrianne', 'Otto', 'Meaton', to_date('13/07/2000','dd/mm/yyyy'), 'KCQN977375');
insert into empleado (empleado_id, nombre, apellido_paterno, apellido_materno, fecha_ingreso, rfc) values (empleado_seq.nextval, 'Kinsley', 'Hexum', 'Allonby', to_date('02/01/2006','dd/mm/yyyy'), 'UXRK541751');
insert into empleado (empleado_id, nombre, apellido_paterno, apellido_materno, fecha_ingreso, rfc) values (empleado_seq.nextval, 'Lorilee', 'Sterricker', 'Garlant', to_date('03/12/2003','dd/mm/yyyy'), 'LSVL545119');
insert into empleado (empleado_id, nombre, apellido_paterno, apellido_materno, fecha_ingreso, rfc) values (empleado_seq.nextval, 'Elene', 'Sollner', 'Thornally', to_date('14/03/2019','dd/mm/yyyy'), 'MQTC181785');
insert into empleado (empleado_id, nombre, apellido_paterno, apellido_materno, fecha_ingreso, rfc) values (empleado_seq.nextval, 'Georgette', 'Ferrant', 'Benezet', to_date('21/01/2008','dd/mm/yyyy'), 'WOOY346284');
insert into empleado (empleado_id, nombre, apellido_paterno, apellido_materno, fecha_ingreso, rfc) values (empleado_seq.nextval, 'Corey', 'Torritti', 'Gormally', to_date('08/08/2015','dd/mm/yyyy'), 'VABR095946');
insert into empleado (empleado_id, nombre, apellido_paterno, apellido_materno, fecha_ingreso, rfc) values (empleado_seq.nextval, 'Marchall', 'Habron', 'Dengel', to_date('03/03/2005','dd/mm/yyyy'), 'ZDLQ297845');
insert into empleado (empleado_id, nombre, apellido_paterno, apellido_materno, fecha_ingreso, rfc) values (empleado_seq.nextval, 'Corine', 'Alleyn', 'Trase', to_date('20/08/2013','dd/mm/yyyy'), 'KEYZ158410');
insert into empleado (empleado_id, nombre, apellido_paterno, apellido_materno, fecha_ingreso, rfc) values (empleado_seq.nextval, 'Jarvis', 'Radley', 'Hrycek', to_date('24/03/2002','dd/mm/yyyy'), 'AVTB812520');
insert into empleado (empleado_id, nombre, apellido_paterno, apellido_materno, fecha_ingreso, rfc) values (empleado_seq.nextval, 'Alameda', 'Bercevelo', 'Cloake', to_date('07/01/2008','dd/mm/yyyy'), 'CBZC247958');
insert into empleado (empleado_id, nombre, apellido_paterno, apellido_materno, fecha_ingreso, rfc) values (empleado_seq.nextval, 'Veradis', 'Leal', 'Ballinger', to_date('10/06/2008','dd/mm/yyyy'), 'HTOT006509');
insert into empleado (empleado_id, nombre, apellido_paterno, apellido_materno, fecha_ingreso, rfc) values (empleado_seq.nextval, 'Kessia', 'Terrington', 'Peat', to_date('01/10/2016','dd/mm/yyyy'), 'JOBC350273');
insert into empleado (empleado_id, nombre, apellido_paterno, apellido_materno, fecha_ingreso, rfc) values (empleado_seq.nextval, 'Tobie', 'Attewell', 'Prue', to_date('08/04/2012','dd/mm/yyyy'), 'GDAS781057');
insert into empleado (empleado_id, nombre, apellido_paterno, apellido_materno, fecha_ingreso, rfc) values (empleado_seq.nextval, 'Rab', 'Emmet', 'Spurriar', to_date('17/01/2014','dd/mm/yyyy'), 'GZNM170558');
insert into empleado (empleado_id, nombre, apellido_paterno, apellido_materno, fecha_ingreso, rfc) values (empleado_seq.nextval, 'Alyss', 'Kedge', 'Letterese', to_date('15/06/2017','dd/mm/yyyy'), 'SICV094269');
insert into empleado (empleado_id, nombre, apellido_paterno, apellido_materno, fecha_ingreso, rfc) values (empleado_seq.nextval, 'Oralee', 'Royste', 'Banes', to_date('12/10/2006','dd/mm/yyyy'), 'CEHZ128075');
insert into empleado (empleado_id, nombre, apellido_paterno, apellido_materno, fecha_ingreso, rfc) values (empleado_seq.nextval, 'Janka', 'McCourtie', 'Sydenham', to_date('03/07/2018','dd/mm/yyyy'), 'KHWG010788');
insert into empleado (empleado_id, nombre, apellido_paterno, apellido_materno, fecha_ingreso, rfc) values (empleado_seq.nextval, 'Darci', 'Paylie', 'Verdie', to_date('04/10/2004','dd/mm/yyyy'), 'VGAK643815');
insert into empleado (empleado_id, nombre, apellido_paterno, apellido_materno, fecha_ingreso, rfc) values (empleado_seq.nextval, 'Steve', 'Bittleson', 'Denacamp', to_date('30/10/2001','dd/mm/yyyy'), 'WSGA942445');
insert into empleado (empleado_id, nombre, apellido_paterno, apellido_materno, fecha_ingreso, rfc) values (empleado_seq.nextval, 'Hermy', 'Sendall', 'Filliskirk', to_date('25/08/2015','dd/mm/yyyy'), 'DRXZ809855');
insert into empleado (empleado_id, nombre, apellido_paterno, apellido_materno, fecha_ingreso, rfc) values (empleado_seq.nextval, 'Nonnah', 'Chiommienti', 'Pancoast', to_date('04/03/2016','dd/mm/yyyy'), 'AHPA656227');
insert into empleado (empleado_id, nombre, apellido_paterno, apellido_materno, fecha_ingreso, rfc) values (empleado_seq.nextval, 'Opaline', 'Strangwood', 'Peris', to_date('03/09/2015','dd/mm/yyyy'), 'DNWT715893');

--CLIENTE

insert into CLIENTE (cliente_id, direccion, nombre, apellido_paterno, apellido_materno, num_telefonico, email, curp, rfc) values (cliente_seq.nextval, '08663 Stoughton Alley', 'Omar', 'Kellett', 'Rookledge', 6761508484, 'orookledge0@biblegateway.com', 'SXHM216853HTDIRB70', 'FITL219485YG');
insert into CLIENTE (cliente_id, direccion, nombre, apellido_paterno, apellido_materno, num_telefonico, email, curp, rfc) values (cliente_seq.nextval, '8184 Transport Hill', 'Mae', 'Sunock', 'Toy', 8385113331, 'mtoy1@discovery.com', 'UIRH237933ZXHLDH64', 'LVMP412687YG');
insert into CLIENTE (cliente_id, direccion, nombre, apellido_paterno, apellido_materno, num_telefonico, email, curp, rfc) values (cliente_seq.nextval, '6939 Arrowood Parkway', 'Hugues', 'Overstone', 'Tungay', 6467280158, 'htungay2@amazonaws.com', 'BOQX830495ZDLVRB42', 'VALT087811IK');
insert into CLIENTE (cliente_id, direccion, nombre, apellido_paterno, apellido_materno, num_telefonico, email, curp, rfc) values (cliente_seq.nextval, '7082 Bultman Hill', 'Nathanial', 'Vettore', 'Gabel', 5865881504, 'ngabel3@vistaprint.com', 'XBOT784468RWEIVR42', 'RLMQ685340HU');
insert into CLIENTE (cliente_id, direccion, nombre, apellido_paterno, apellido_materno, num_telefonico, email, curp, rfc) values (cliente_seq.nextval, '711 Bunting Lane', 'Carlita', 'Glasby', 'Hooke', 8432866505, 'chooke4@pagesperso-orange.fr', 'EIFB974808TSFCVC11', 'CYIK022897MW');
insert into CLIENTE (cliente_id, direccion, nombre, apellido_paterno, apellido_materno, num_telefonico, email, curp, rfc) values (cliente_seq.nextval, '6 School Pass', 'Tiena', 'Childs', 'Jarville', 5857704125, 'tjarville5@ocn.ne.jp', 'SYHP107515IUIDLG08', 'SQYQ027600NT');
insert into CLIENTE (cliente_id, direccion, nombre, apellido_paterno, apellido_materno, num_telefonico, email, curp, rfc) values (cliente_seq.nextval, '531 Graceland Alley', 'Alis', 'Redmire', 'Eddins', 4398963160, 'aeddins6@huffingtonpost.com', 'KQVV453597NSMGXB01', 'WURS491931VC');
insert into CLIENTE (cliente_id, direccion, nombre, apellido_paterno, apellido_materno, num_telefonico, email, curp, rfc) values (cliente_seq.nextval, '621 Nova Plaza', 'Emilio', 'Silbert', 'Marjoribanks', 5244716724, null, 'DULX062925EDHRTX70', null);
insert into CLIENTE (cliente_id, direccion, nombre, apellido_paterno, apellido_materno, num_telefonico, email, curp, rfc) values (cliente_seq.nextval, '23 Scofield Avenue', 'Leshia', 'Hayley', 'Gapper', 4147474728, null, 'JSDT083632KYYTSR89', null);
insert into CLIENTE (cliente_id, direccion, nombre, apellido_paterno, apellido_materno, num_telefonico, email, curp, rfc) values (cliente_seq.nextval, '1 Grover Alley', 'Rae', 'Crowter', 'Lamble', 4964428191, 'rlamble9@spiegel.de', 'YAOO387081JSXWSQ70', 'IPZZ266128HS');
insert into CLIENTE (cliente_id, direccion, nombre, apellido_paterno, apellido_materno, num_telefonico, email, curp, rfc) values (cliente_seq.nextval, '91174 Graceland Way', 'Talbot', 'Mellor', 'Cardo', 2818713918, 'tcardoa@eepurl.com', 'IJRU874579YHLBBQ45', 'DYAG404933WH');
insert into CLIENTE (cliente_id, direccion, nombre, apellido_paterno, apellido_materno, num_telefonico, email, curp, rfc) values (cliente_seq.nextval, '30591 Anhalt Park', 'Giustina', 'Maudsley', 'Arnecke', 3315169873, null, 'QHLD157964NRDINJ75', null);
insert into CLIENTE (cliente_id, direccion, nombre, apellido_paterno, apellido_materno, num_telefonico, email, curp, rfc) values (cliente_seq.nextval, '85 Alpine Lane', 'Oby', 'Kunes', 'Brereton', '6528848471', null, 'YNDY007223ZFOXGI84', null);
insert into CLIENTE (cliente_id, direccion, nombre, apellido_paterno, apellido_materno, num_telefonico, email, curp, rfc) values (cliente_seq.nextval, '659 Marquette Alley', 'Maureen', 'Bowdon', 'Cressor', 4044092362, 'mcressord@seattletimes.com', 'VEBB522970IYZXMV56', 'OAOF682749MV');
insert into CLIENTE (cliente_id, direccion, nombre, apellido_paterno, apellido_materno, num_telefonico, email, curp, rfc) values (cliente_seq.nextval, '7880 Clemons Crossing', 'Elbertina', 'Giottoi', 'Kelloway', 2499443219, 'ekellowaye@lulu.com', 'OLEB716093HQPXOO88', 'AVVD639314TP');
insert into CLIENTE (cliente_id, direccion, nombre, apellido_paterno, apellido_materno, num_telefonico, email, curp, rfc) values (cliente_seq.nextval, '0301 Oak Valley Place', 'Wenda', 'Matterson', 'Dunnet', 7171666845, 'wdunnetf@stanford.edu', 'DKZN100785YBBJNA64', 'ALCY933940OQ');
insert into CLIENTE (cliente_id, direccion, nombre, apellido_paterno, apellido_materno, num_telefonico, email, curp, rfc) values (cliente_seq.nextval, '2993 Browning Crossing', 'Fowler', 'Fidge', 'Boyd', 7688175510, null, 'IZZL044962FMZLFN77', null);
insert into CLIENTE (cliente_id, direccion, nombre, apellido_paterno, apellido_materno, num_telefonico, email, curp, rfc) values (cliente_seq.nextval, '839 Fuller Center', 'Jehanna', 'Klemps', 'Whitney', 7609615314, null, 'KAPQ978684MSVBAY02', null);
insert into CLIENTE (cliente_id, direccion, nombre, apellido_paterno, apellido_materno, num_telefonico, email, curp, rfc) values (cliente_seq.nextval, '909 Straubel Court', 'Lucho', 'Quogan', 'Bastie', 5142186315, 'lbastiei@amazonaws.com', 'NNEM696877HEHIOF87', 'UVIC574228UE');
insert into CLIENTE (cliente_id, direccion, nombre, apellido_paterno, apellido_materno, num_telefonico, email, curp, rfc) values (cliente_seq.nextval, '83 Darwin Alley', 'Anabal', 'McGucken', 'Guntrip', 3451999293, 'aguntripj@auda.org.au', 'JGGH006475ZDUKYQ44', 'DCVR691305RZ');


--CENTRO OPERACIONES


--Farmacias
insert into centro_operaciones (centro_operaciones_id, es_farmacia, es_oficina, es_almacen, clave, num_telefonico, direccion) values (centro_operaciones_seq.nextval, 1, 0, 0, 'kdIWcB', '3536567339', '6 Moose Pass');
insert into FARMACIA (centro_operaciones_id, rfc, pagina_web, gerente_id) values (centro_operaciones_seq.currval, 'YRE513291HGY', 'http://thetimes.co.uk', 9);
insert into centro_operaciones (centro_operaciones_id, es_farmacia, es_oficina, es_almacen, clave, num_telefonico, direccion) values (centro_operaciones_seq.nextval, 1, 0, 0, '86vQWs', '7553074355', '9 Schlimgen Avenue');
insert into FARMACIA (centro_operaciones_id, rfc, pagina_web, gerente_id) values (centro_operaciones_seq.currval, 'IYF680980GWJ', 'http://multiply.com', 8);
insert into centro_operaciones (centro_operaciones_id, es_farmacia, es_oficina, es_almacen, clave, num_telefonico, direccion) values (centro_operaciones_seq.nextval, 1, 0, 0, 'bU83DY', '3986675382', '418 Anhalt Trail');
insert into FARMACIA (centro_operaciones_id, rfc, pagina_web, gerente_id) values (centro_operaciones_seq.currval, 'HDG408183GDC', 'http://hatena.ne.jp', 7);
insert into centro_operaciones (centro_operaciones_id, es_farmacia, es_oficina, es_almacen, clave, num_telefonico, direccion) values (centro_operaciones_seq.nextval, 1, 0, 0, 'DOJJ2Z', '4040621905', '58722 Holy Cross Junction');
insert into FARMACIA (centro_operaciones_id, rfc, pagina_web, gerente_id) values (centro_operaciones_seq.currval, 'KEB250797EAD', 'https://digg.com', 6);
insert into centro_operaciones (centro_operaciones_id, es_farmacia, es_oficina, es_almacen, clave, num_telefonico, direccion) values (centro_operaciones_seq.nextval, 1, 0, 0, 'kJL3wU', '5488082022', '7362 Prairie Rose Street');
insert into FARMACIA (centro_operaciones_id, rfc, pagina_web, gerente_id) values (centro_operaciones_seq.currval, 'ODD954730TYL', 'https://gov.uk', 5);
insert into centro_operaciones (centro_operaciones_id, es_farmacia, es_oficina, es_almacen, clave, num_telefonico, direccion) values (centro_operaciones_seq.nextval, 1, 0, 0, 'ue8TfX', '8200956167', '14740 Butternut Court');
insert into FARMACIA (centro_operaciones_id, rfc, pagina_web, gerente_id) values (centro_operaciones_seq.currval, 'XYY321300JXD', 'https://huffingtonpost.com', 1);
insert into centro_operaciones (centro_operaciones_id, es_farmacia, es_oficina, es_almacen, clave, num_telefonico, direccion) values (centro_operaciones_seq.nextval, 1, 0, 0, 'hsBshv', '6469227620', '38312 Tony Way');
insert into FARMACIA (centro_operaciones_id, rfc, pagina_web, gerente_id) values (centro_operaciones_seq.currval, 'FJR231893KBN', 'http://samsung.com', 2);
insert into centro_operaciones (centro_operaciones_id, es_farmacia, es_oficina, es_almacen, clave, num_telefonico, direccion) values (centro_operaciones_seq.nextval, 1, 0, 0, 'fVDWZi', '3410257119', '6 Rusk Pass');
insert into FARMACIA (centro_operaciones_id, rfc, pagina_web, gerente_id) values (centro_operaciones_seq.currval, 'OEW923231HJM', 'http://canalblog.com', 3);
insert into centro_operaciones (centro_operaciones_id, es_farmacia, es_oficina, es_almacen, clave, num_telefonico, direccion) values (centro_operaciones_seq.nextval, 1, 0, 0, 'YykEcp', '1925397273', '370 Logan Lane');
insert into FARMACIA (centro_operaciones_id, rfc, pagina_web, gerente_id) values (centro_operaciones_seq.currval, 'PXM329774AJP', 'http://yellowpages.com', 4);
insert into centro_operaciones (centro_operaciones_id, es_farmacia, es_oficina, es_almacen, clave, num_telefonico, direccion) values (centro_operaciones_seq.nextval, 1, 0, 0, 'aLGU9E', '5928673344', '3387 Utah Park');
insert into FARMACIA (centro_operaciones_id, rfc, pagina_web, gerente_id) values (centro_operaciones_seq.currval, 'NFS723987CJI', 'http://cdbaby.com', 10);
insert into centro_operaciones (centro_operaciones_id, es_farmacia, es_oficina, es_almacen, clave, num_telefonico, direccion) values (centro_operaciones_seq.nextval, 1, 0, 0, 'WlDzei', '5665464035', '5354 Monterey Park');
insert into FARMACIA (centro_operaciones_id, rfc, pagina_web, gerente_id) values (centro_operaciones_seq.currval, 'HBO146221FKN', 'http://domainmarket.com', 11);
insert into centro_operaciones (centro_operaciones_id, es_farmacia, es_oficina, es_almacen, clave, num_telefonico, direccion) values (centro_operaciones_seq.nextval, 1, 0, 0, 'Lc11KS', '8329552723', '4042 Morningstar Way');
insert into FARMACIA (centro_operaciones_id, rfc, pagina_web, gerente_id) values (centro_operaciones_seq.currval, 'CKE079726FCS', 'http://skype.com', 12);
insert into centro_operaciones (centro_operaciones_id, es_farmacia, es_oficina, es_almacen, clave, num_telefonico, direccion) values (centro_operaciones_seq.nextval, 1, 0, 0, 'TNcrLK', '3631785367', '883 Londonderry Center');
insert into FARMACIA (centro_operaciones_id, rfc, pagina_web, gerente_id) values (centro_operaciones_seq.currval, 'GHX707791QQZ', 'https://biblegateway.com', 13);
insert into centro_operaciones (centro_operaciones_id, es_farmacia, es_oficina, es_almacen, clave, num_telefonico, direccion) values (centro_operaciones_seq.nextval, 1, 0, 0, 'bAxRUz', '2931632893', '17 Manufacturers Parkway');
insert into FARMACIA (centro_operaciones_id, rfc, pagina_web, gerente_id) values (centro_operaciones_seq.currval, 'RSJ244854BWN', 'http://phoca.cz', 14);
insert into centro_operaciones (centro_operaciones_id, es_farmacia, es_oficina, es_almacen, clave, num_telefonico, direccion) values (centro_operaciones_seq.nextval, 1, 0, 0, 'KW7ncM', '5876798867', '0035 Tennyson Lane');
insert into FARMACIA (centro_operaciones_id, rfc, pagina_web, gerente_id) values (centro_operaciones_seq.currval, 'CUX695858XPQ', 'http://mediafire.com', 20);
insert into centro_operaciones (centro_operaciones_id, es_farmacia, es_oficina, es_almacen, clave, num_telefonico, direccion) values (centro_operaciones_seq.nextval, 1, 0, 0, 'QfYG6b', '6922293262', '8 Forest Run Crossing');
insert into FARMACIA (centro_operaciones_id, rfc, pagina_web, gerente_id) values (centro_operaciones_seq.currval, 'NSR704834YRU', 'https://hatena.ne.jp', 19);
insert into centro_operaciones (centro_operaciones_id, es_farmacia, es_oficina, es_almacen, clave, num_telefonico, direccion) values (centro_operaciones_seq.nextval, 1, 0, 0, '6XTF3K', '4975283661', '333 Miller Way');
insert into FARMACIA (centro_operaciones_id, rfc, pagina_web, gerente_id) values (centro_operaciones_seq.currval, 'BQT906477UHY', 'http://cafepress.com', 18);
insert into centro_operaciones (centro_operaciones_id, es_farmacia, es_oficina, es_almacen, clave, num_telefonico, direccion) values (centro_operaciones_seq.nextval, 1, 0, 0, 'T8oBlr', '1775097843', '24186 Independence Park');
insert into FARMACIA (centro_operaciones_id, rfc, pagina_web, gerente_id) values (centro_operaciones_seq.currval, 'XHM762803YXT', 'https://usnews.com', 17);
insert into centro_operaciones (centro_operaciones_id, es_farmacia, es_oficina, es_almacen, clave, num_telefonico, direccion) values (centro_operaciones_seq.nextval, 1, 0, 0, 'ICvWHL', '4489094300', '8 Reindahl Avenue');
insert into FARMACIA (centro_operaciones_id, rfc, pagina_web, gerente_id) values (centro_operaciones_seq.currval, 'YAZ418936FFO', 'http://sourceforge.net', 16);
insert into centro_operaciones (centro_operaciones_id, es_farmacia, es_oficina, es_almacen, clave, num_telefonico, direccion) values (centro_operaciones_seq.nextval, 1, 0, 0, 'MGIsXH', '6920942849', '5065 Shopko Plaza');
insert into FARMACIA (centro_operaciones_id, rfc, pagina_web, gerente_id) values (centro_operaciones_seq.currval, 'USJ512673PCU', 'https://gmpg.org', 15);
insert into centro_operaciones (centro_operaciones_id, es_farmacia, es_oficina, es_almacen, clave, num_telefonico, direccion) values (centro_operaciones_seq.nextval, 1, 0, 0, '8LTDF5', '0606184430', '5 Old Shore Trail');
insert into FARMACIA (centro_operaciones_id, rfc, pagina_web, gerente_id) values (centro_operaciones_seq.currval, 'KMT633935VJI', 'https://123-reg.co.uk', 21);
insert into centro_operaciones (centro_operaciones_id, es_farmacia, es_oficina, es_almacen, clave, num_telefonico, direccion) values (centro_operaciones_seq.nextval, 1, 0, 0, 'RnhtfS', '2700834018', '1549 Schiller Road');
insert into FARMACIA (centro_operaciones_id, rfc, pagina_web, gerente_id) values (centro_operaciones_seq.currval, 'KPA103984VZR', 'https://hhs.gov', 22);
insert into centro_operaciones (centro_operaciones_id, es_farmacia, es_oficina, es_almacen, clave, num_telefonico, direccion) values (centro_operaciones_seq.nextval, 1, 0, 0, 'u7BVEi', '3602230589', '1 Jay Way');
insert into FARMACIA (centro_operaciones_id, rfc, pagina_web, gerente_id) values (centro_operaciones_seq.currval, 'HDM307111EII', 'https://bloglines.com', 23);
insert into centro_operaciones (centro_operaciones_id, es_farmacia, es_oficina, es_almacen, clave, num_telefonico, direccion) values (centro_operaciones_seq.nextval, 1, 0, 0, 'ruFohf', '1713697706', '1137 Stang Parkway');
insert into FARMACIA (centro_operaciones_id, rfc, pagina_web, gerente_id) values (centro_operaciones_seq.currval, 'WWN425270PDV', 'http://hao123.com', 24);
insert into centro_operaciones (centro_operaciones_id, es_farmacia, es_oficina, es_almacen, clave, num_telefonico, direccion) values (centro_operaciones_seq.nextval, 1, 0, 0, 'tNEBfF', '8245713336', '872 Porter Trail');
insert into FARMACIA (centro_operaciones_id, rfc, pagina_web, gerente_id) values (centro_operaciones_seq.currval, 'VZG193335CDF', 'https://marketwatch.com', 40);
insert into centro_operaciones (centro_operaciones_id, es_farmacia, es_oficina, es_almacen, clave, num_telefonico, direccion) values (centro_operaciones_seq.nextval, 1, 0, 0, 'QVuPzm', '9746611000', '15624 Moulton Place');
insert into FARMACIA (centro_operaciones_id, rfc, pagina_web, gerente_id) values (centro_operaciones_seq.currval, 'GSP758977COI', 'https://foxnews.com', 39);
insert into centro_operaciones (centro_operaciones_id, es_farmacia, es_oficina, es_almacen, clave, num_telefonico, direccion) values (centro_operaciones_seq.nextval, 1, 0, 0, 'Xe45vf', '1388452116', '886 Monica Avenue');
insert into FARMACIA (centro_operaciones_id, rfc, pagina_web, gerente_id) values (centro_operaciones_seq.currval, 'RJS460818WMX', 'https://topsy.com', 38);
insert into centro_operaciones (centro_operaciones_id, es_farmacia, es_oficina, es_almacen, clave, num_telefonico, direccion) values (centro_operaciones_seq.nextval, 1, 0, 0, 'FMxaWr', '9457567897', '96 Novick Alley');
insert into FARMACIA (centro_operaciones_id, rfc, pagina_web, gerente_id) values (centro_operaciones_seq.currval, 'HWW898588NHU', 'http://rambler.ru', 37);
insert into centro_operaciones (centro_operaciones_id, es_farmacia, es_oficina, es_almacen, clave, num_telefonico, direccion) values (centro_operaciones_seq.nextval, 1, 0, 0, 'Zfqsh7', '4107427622', '32354 Lukken Parkway');
insert into FARMACIA (centro_operaciones_id, rfc, pagina_web, gerente_id) values (centro_operaciones_seq.currval, 'KIQ455508GYT', 'https://loc.gov', 36);
insert into centro_operaciones (centro_operaciones_id, es_farmacia, es_oficina, es_almacen, clave, num_telefonico, direccion) values (centro_operaciones_seq.nextval, 1, 0, 0, '9AuULF', '3186760788', '5028 Morningstar Junction');
insert into FARMACIA (centro_operaciones_id, rfc, pagina_web, gerente_id) values (centro_operaciones_seq.currval, 'MEY112107MGX', 'https://about.me', 35);
insert into centro_operaciones (centro_operaciones_id, es_farmacia, es_oficina, es_almacen, clave, num_telefonico, direccion) values (centro_operaciones_seq.nextval, 1, 0, 0, '6xL5X5', '9084502204', '9 Dovetail Point');
insert into FARMACIA (centro_operaciones_id, rfc, pagina_web, gerente_id) values (centro_operaciones_seq.currval, 'XJT443544AUP', 'http://livejournal.com', 25);
insert into centro_operaciones (centro_operaciones_id, es_farmacia, es_oficina, es_almacen, clave, num_telefonico, direccion) values (centro_operaciones_seq.nextval, 1, 0, 0, '0Flnm1', '3570575355', '8718 Elka Drive');
insert into FARMACIA (centro_operaciones_id, rfc, pagina_web, gerente_id) values (centro_operaciones_seq.currval, 'DQI318625DNN', 'https://slashdot.org', 26);
insert into centro_operaciones (centro_operaciones_id, es_farmacia, es_oficina, es_almacen, clave, num_telefonico, direccion) values (centro_operaciones_seq.nextval, 1, 0, 0, 'Q0oGdj', '2216243916', '2 Bobwhite Center');
insert into FARMACIA (centro_operaciones_id, rfc, pagina_web, gerente_id) values (centro_operaciones_seq.currval, 'XVZ264732GLW', 'https://amazonaws.com', 27);
insert into centro_operaciones (centro_operaciones_id, es_farmacia, es_oficina, es_almacen, clave, num_telefonico, direccion) values (centro_operaciones_seq.nextval, 1, 0, 0, 'pRCyIP', '7674845274', '4988 Florence Parkway');
insert into FARMACIA (centro_operaciones_id, rfc, pagina_web, gerente_id) values (centro_operaciones_seq.currval, 'VLM891307VCM', 'https://bizjournals.com', 28);
insert into centro_operaciones (centro_operaciones_id, es_farmacia, es_oficina, es_almacen, clave, num_telefonico, direccion) values (centro_operaciones_seq.nextval, 1, 0, 0, 'FsdB53', '9421141632', '7 Twin Pines Crossing');
insert into FARMACIA (centro_operaciones_id, rfc, pagina_web, gerente_id) values (centro_operaciones_seq.currval, 'NAG761002GXP', 'https://exblog.jp', 29);
insert into centro_operaciones (centro_operaciones_id, es_farmacia, es_oficina, es_almacen, clave, num_telefonico, direccion) values (centro_operaciones_seq.nextval, 1, 0, 0, 'goNEqI', '1817048276', '8 Mitchell Point');
insert into FARMACIA (centro_operaciones_id, rfc, pagina_web, gerente_id) values (centro_operaciones_seq.currval, 'VYZ807858MKX', 'http://yahoo.co.jp', 30);
insert into centro_operaciones (centro_operaciones_id, es_farmacia, es_oficina, es_almacen, clave, num_telefonico, direccion) values (centro_operaciones_seq.nextval, 1, 0, 0, '8MpQBX', '3359296449', '62 Lakeland Trail');
insert into FARMACIA (centro_operaciones_id, rfc, pagina_web, gerente_id) values (centro_operaciones_seq.currval, 'VZC268756IJE', 'http://reuters.com', 34);
insert into centro_operaciones (centro_operaciones_id, es_farmacia, es_oficina, es_almacen, clave, num_telefonico, direccion) values (centro_operaciones_seq.nextval, 1, 0, 0, 'QZGjN4', '1509438588', '49 Cordelia Point');
insert into FARMACIA (centro_operaciones_id, rfc, pagina_web, gerente_id) values (centro_operaciones_seq.currval, 'DDJ845894LJI', 'http://wordpress.com', 33);
insert into centro_operaciones (centro_operaciones_id, es_farmacia, es_oficina, es_almacen, clave, num_telefonico, direccion) values (centro_operaciones_seq.nextval, 1, 0, 0, 'EFA57r', '9736557644', '465 Canary Pass');
insert into FARMACIA (centro_operaciones_id, rfc, pagina_web, gerente_id) values (centro_operaciones_seq.currval, 'QOC358006CIG', 'https://guardian.co.uk', 32);
insert into centro_operaciones (centro_operaciones_id, es_farmacia, es_oficina, es_almacen, clave, num_telefonico, direccion) values (centro_operaciones_seq.nextval, 1, 0, 0, 'BCptGc', '2478596017', '22695 Tony Drive');
insert into FARMACIA (centro_operaciones_id, rfc, pagina_web, gerente_id) values (centro_operaciones_seq.currval, 'EXJ510404TJJ', 'https://cyberchimps.com', 31);

--Oficinas
insert into centro_operaciones (centro_operaciones_id, es_farmacia, es_oficina, es_almacen, clave, num_telefonico, direccion) values (centro_operaciones_seq.nextval, 0, 1, 0, 'IjAYLN', '3348727841', '2 Aberg Plaza');
insert into OFICINA (centro_operaciones_id, call_center, clave, nombre) values (centro_operaciones_seq.currval, '7461668806', 'ac nibh fusce lacus', 'Pacocha-Eichmann');
insert into centro_operaciones (centro_operaciones_id, es_farmacia, es_oficina, es_almacen, clave, num_telefonico, direccion) values (centro_operaciones_seq.nextval, 0, 1, 0, '0TntAf', '0039771013', '55 Reindahl Junction');
insert into OFICINA (centro_operaciones_id, call_center, clave, nombre) values (centro_operaciones_seq.currval, '4459646506', 'ultrices libero non', 'Howell, Abernathy and Trantow');
insert into centro_operaciones (centro_operaciones_id, es_farmacia, es_oficina, es_almacen, clave, num_telefonico, direccion) values (centro_operaciones_seq.nextval, 0, 1, 0, 'HgxBOO', '7915681980', '16 Duke Circle');
insert into OFICINA (centro_operaciones_id, call_center, clave, nombre) values (centro_operaciones_seq.currval, '9052398942', 'sit amet lobortis sapien ', 'Blanda and Sons');
insert into centro_operaciones (centro_operaciones_id, es_farmacia, es_oficina, es_almacen, clave, num_telefonico, direccion) values (centro_operaciones_seq.nextval, 0, 1, 0, 'Fguyos', '1938256574', '23541 Bashford Point');
insert into OFICINA (centro_operaciones_id, call_center, clave, nombre) values (centro_operaciones_seq.currval, '1351853700', 'ut erat id mauris', 'Mraz, Towne and Funk');
insert into centro_operaciones (centro_operaciones_id, es_farmacia, es_oficina, es_almacen, clave, num_telefonico, direccion) values (centro_operaciones_seq.nextval, 0, 1, 0, '5cTfJH', '5719560911', '8 Mandrake Circle');
insert into OFICINA (centro_operaciones_id, call_center, clave, nombre) values (centro_operaciones_seq.currval, '8136114203', 'semper porta volutpat quam ped', 'Nitzsche, Quigley and Ward');
insert into centro_operaciones (centro_operaciones_id, es_farmacia, es_oficina, es_almacen, clave, num_telefonico, direccion) values (centro_operaciones_seq.nextval, 0, 1, 0, 'tS3N0W', '4631309321', '69 Granby Place');
insert into OFICINA (centro_operaciones_id, call_center, clave, nombre) values (centro_operaciones_seq.currval, '7496708066', 'at dolor quis odio consequat', 'Farrell, Shanahan and Fadel');
insert into centro_operaciones (centro_operaciones_id, es_farmacia, es_oficina, es_almacen, clave, num_telefonico, direccion) values (centro_operaciones_seq.nextval, 0, 1, 0, 'hSmXvq', '2697422461', '72 Rieder Court');
insert into OFICINA (centro_operaciones_id, call_center, clave, nombre) values (centro_operaciones_seq.currval, '5345675841', 'lobortis vel dapibus at diam', 'Altenwerth-Rempel');
insert into centro_operaciones (centro_operaciones_id, es_farmacia, es_oficina, es_almacen, clave, num_telefonico, direccion) values (centro_operaciones_seq.nextval, 0, 1, 0, 'TWUdug', '5020295638', '25 6th Court');
insert into OFICINA (centro_operaciones_id, call_center, clave, nombre) values (centro_operaciones_seq.currval, '7713114939', 'eros viverra eget congue eget', 'Steuber Inc');
insert into centro_operaciones (centro_operaciones_id, es_farmacia, es_oficina, es_almacen, clave, num_telefonico, direccion) values (centro_operaciones_seq.nextval, 0, 1, 0, '1qAZne', '8411400395', '48 Northland Circle');
insert into OFICINA (centro_operaciones_id, call_center, clave, nombre) values (centro_operaciones_seq.currval, '4479971059', 'dis parturient montes', 'Effertz, McLaughlin and Wilkinson');
insert into centro_operaciones (centro_operaciones_id, es_farmacia, es_oficina, es_almacen, clave, num_telefonico, direccion) values (centro_operaciones_seq.nextval, 0, 1, 0, 'qPOkXR', '2074540651', '10 Manitowish Point');
insert into OFICINA (centro_operaciones_id, call_center, clave, nombre) values (centro_operaciones_seq.currval, '6343130789', 'sed magna at nunc commodo', 'Herman-Windler');
insert into centro_operaciones (centro_operaciones_id, es_farmacia, es_oficina, es_almacen, clave, num_telefonico, direccion) values (centro_operaciones_seq.nextval, 0, 1, 0, 'YX3bMt', '4263945286', '774 Elka Trail');
insert into OFICINA (centro_operaciones_id, call_center, clave, nombre) values (centro_operaciones_seq.currval, '7147686967', 'adipiscing molestie', 'Bartoletti-Koelpin');
insert into centro_operaciones (centro_operaciones_id, es_farmacia, es_oficina, es_almacen, clave, num_telefonico, direccion) values (centro_operaciones_seq.nextval, 0, 1, 0, 'RVBGhE', '9187068042', '4 Maple Plaza');
insert into OFICINA (centro_operaciones_id, call_center, clave, nombre) values (centro_operaciones_seq.currval, '5387476702', 'sit amet eleifend', 'Kulas, Lynch and Nader');
insert into centro_operaciones (centro_operaciones_id, es_farmacia, es_oficina, es_almacen, clave, num_telefonico, direccion) values (centro_operaciones_seq.nextval, 0, 1, 0, 'TVc1Cg', '3990748770', '3 Schurz Hill');
insert into OFICINA (centro_operaciones_id, call_center, clave, nombre) values (centro_operaciones_seq.currval, '5544215334', 'eu sapien cursus', 'Hyatt, Considine and Wunsch');
insert into centro_operaciones (centro_operaciones_id, es_farmacia, es_oficina, es_almacen, clave, num_telefonico, direccion) values (centro_operaciones_seq.nextval, 0, 1, 0, 'dYrfsE', '7360339436', '55009 Annamark Center');
insert into OFICINA (centro_operaciones_id, call_center, clave, nombre) values (centro_operaciones_seq.currval, '4525449778', 'sollicitudin ut ', 'Marquardt LLC');
insert into centro_operaciones (centro_operaciones_id, es_farmacia, es_oficina, es_almacen, clave, num_telefonico, direccion) values (centro_operaciones_seq.nextval, 0, 1, 0, 'eBeHEd', '5500828526', '62968 Troy Crossing');
insert into OFICINA (centro_operaciones_id, call_center, clave, nombre) values (centro_operaciones_seq.currval, '5089136000', 'amet cursus id t', 'Brekke, Schuppe and Goyette');
insert into centro_operaciones (centro_operaciones_id, es_farmacia, es_oficina, es_almacen, clave, num_telefonico, direccion) values (centro_operaciones_seq.nextval, 0, 1, 0, 'HQcEYl', '5056242168', '42117 Bultman Street');
insert into OFICINA (centro_operaciones_id, call_center, clave, nombre) values (centro_operaciones_seq.currval, '9049041361', 'est congue elementum', 'Towne, Bayer and Dibbert');
insert into centro_operaciones (centro_operaciones_id, es_farmacia, es_oficina, es_almacen, clave, num_telefonico, direccion) values (centro_operaciones_seq.nextval, 0, 1, 0, 'lWjN2W', '1340017828', '5824 School Road');
insert into OFICINA (centro_operaciones_id, call_center, clave, nombre) values (centro_operaciones_seq.currval, '2184256806', 'sit am', 'O''Connell Inc');
insert into centro_operaciones (centro_operaciones_id, es_farmacia, es_oficina, es_almacen, clave, num_telefonico, direccion) values (centro_operaciones_seq.nextval, 0, 1, 0, 'oE994e', '1993459916', '5 Kings Street');
insert into OFICINA (centro_operaciones_id, call_center, clave, nombre) values (centro_operaciones_seq.currval, '4759791875', 'sit amet turpis element', 'Stroman Group');
insert into centro_operaciones (centro_operaciones_id, es_farmacia, es_oficina, es_almacen, clave, num_telefonico, direccion) values (centro_operaciones_seq.nextval, 0, 1, 0, 'RJX7Md', '0818363257', '0433 Charing Cross Pass');
insert into OFICINA (centro_operaciones_id, call_center, clave, nombre) values (centro_operaciones_seq.currval, '9885576196', 'accumsan tellus nisi', 'Schuppe Group');
insert into centro_operaciones (centro_operaciones_id, es_farmacia, es_oficina, es_almacen, clave, num_telefonico, direccion) values (centro_operaciones_seq.nextval, 0, 1, 0, 'pGixBG', '9574758040', '3 Eastwood Center');
insert into OFICINA (centro_operaciones_id, call_center, clave, nombre) values (centro_operaciones_seq.currval, '2821049981', 'neque vestibulum eget ', 'Hessel and Sons');
insert into centro_operaciones (centro_operaciones_id, es_farmacia, es_oficina, es_almacen, clave, num_telefonico, direccion) values (centro_operaciones_seq.nextval, 0, 1, 0, 'UtCSQj', '5059288769', '6 Columbus Terrace');
insert into OFICINA (centro_operaciones_id, call_center, clave, nombre) values (centro_operaciones_seq.currval, '2683112049', 'nec nisi vulputate ', 'Mayer Inc');
insert into centro_operaciones (centro_operaciones_id, es_farmacia, es_oficina, es_almacen, clave, num_telefonico, direccion) values (centro_operaciones_seq.nextval, 0, 1, 0, 'uCz2ob', '9129300226', '41721 Packers Plaza');
insert into OFICINA (centro_operaciones_id, call_center, clave, nombre) values (centro_operaciones_seq.currval, '3066037948', 'in purus eu magn', 'Toy and Sons');
insert into centro_operaciones (centro_operaciones_id, es_farmacia, es_oficina, es_almacen, clave, num_telefonico, direccion) values (centro_operaciones_seq.nextval, 0, 1, 0, 'Gk7kZG', '8090805099', '93 Cherokee Center');
insert into OFICINA (centro_operaciones_id, call_center, clave, nombre) values (centro_operaciones_seq.currval, '5551889068', 'imperdiet et commodo ', 'Stehr, Kirlin and Denesik');
insert into centro_operaciones (centro_operaciones_id, es_farmacia, es_oficina, es_almacen, clave, num_telefonico, direccion) values (centro_operaciones_seq.nextval, 0, 1, 0, 'hWnWjM', '8785411187', '263 Porter Parkway');
insert into OFICINA (centro_operaciones_id, call_center, clave, nombre) values (centro_operaciones_seq.currval, '5088157750', 'habitasse platea dictumst', 'Green-Wehner');
insert into centro_operaciones (centro_operaciones_id, es_farmacia, es_oficina, es_almacen, clave, num_telefonico, direccion) values (centro_operaciones_seq.nextval, 0, 1, 0, 'aPInOA', '7413368741', '99 Reindahl Point');
insert into OFICINA (centro_operaciones_id, call_center, clave, nombre) values (centro_operaciones_seq.currval, '2483688001', 'magna vulputate luctus', 'Mraz-Gerhold');
insert into centro_operaciones (centro_operaciones_id, es_farmacia, es_oficina, es_almacen, clave, num_telefonico, direccion) values (centro_operaciones_seq.nextval, 0, 1, 0, 'HdPP59', '8973648657', '8 Lyons Hill');
insert into OFICINA (centro_operaciones_id, call_center, clave, nombre) values (centro_operaciones_seq.currval, '2753141052', 'rutrum nulla tellus', 'Barrows, Leuschke and Feil');
insert into centro_operaciones (centro_operaciones_id, es_farmacia, es_oficina, es_almacen, clave, num_telefonico, direccion) values (centro_operaciones_seq.nextval, 0, 1, 0, 'ZXVcOQ', '8725586340', '603 Sheridan Crossing');
insert into OFICINA (centro_operaciones_id, call_center, clave, nombre) values (centro_operaciones_seq.currval, '2641304379', 'mauris vulputate elementum', 'Bechtelar, Skiles and Jakubowski');
insert into centro_operaciones (centro_operaciones_id, es_farmacia, es_oficina, es_almacen, clave, num_telefonico, direccion) values (centro_operaciones_seq.nextval, 0, 1, 0, 'VzqwoE', '0014945950', '63 Hanover Terrace');
insert into OFICINA (centro_operaciones_id, call_center, clave, nombre) values (centro_operaciones_seq.currval, '5299113795', 'integer ac neque duis ', 'Barton Group');
insert into centro_operaciones (centro_operaciones_id, es_farmacia, es_oficina, es_almacen, clave, num_telefonico, direccion) values (centro_operaciones_seq.nextval, 0, 1, 0, 'RRNBZH', '1586348604', '8 Northwestern Lane');
insert into OFICINA (centro_operaciones_id, call_center, clave, nombre) values (centro_operaciones_seq.currval, '4559390811', 'gravida sem praesent', 'MacGyver Inc');
insert into centro_operaciones (centro_operaciones_id, es_farmacia, es_oficina, es_almacen, clave, num_telefonico, direccion) values (centro_operaciones_seq.nextval, 0, 1, 0, 'QlEK8e', '9140584149', '25578 Fallview Place');
insert into OFICINA (centro_operaciones_id, call_center, clave, nombre) values (centro_operaciones_seq.currval, '7379933436', 'lorem quisque ut ', 'Padberg, Schuster and Kunde');
insert into centro_operaciones (centro_operaciones_id, es_farmacia, es_oficina, es_almacen, clave, num_telefonico, direccion) values (centro_operaciones_seq.nextval, 0, 1, 0, 'WTB1rr', '4996484697', '6552 Fulton Park');
insert into OFICINA (centro_operaciones_id, call_center, clave, nombre) values (centro_operaciones_seq.currval, '3537720315', 'leo rhoncus sed', 'Christiansen LLC');
insert into centro_operaciones (centro_operaciones_id, es_farmacia, es_oficina, es_almacen, clave, num_telefonico, direccion) values (centro_operaciones_seq.nextval, 0, 1, 0, 'Zw0MS8', '0139542483', '86 Michigan Hill');
insert into OFICINA (centro_operaciones_id, call_center, clave, nombre) values (centro_operaciones_seq.currval, '9792028557', 'cras non velit', 'O''Conner, Gottlieb and Keebler');
insert into centro_operaciones (centro_operaciones_id, es_farmacia, es_oficina, es_almacen, clave, num_telefonico, direccion) values (centro_operaciones_seq.nextval, 0, 1, 0, 'UaUMgv', '6609099361', '04959 Steensland Junction');
insert into OFICINA (centro_operaciones_id, call_center, clave, nombre) values (centro_operaciones_seq.currval, '8836671517', 'nisl duis bibendum', 'VonRueden LLC');
insert into centro_operaciones (centro_operaciones_id, es_farmacia, es_oficina, es_almacen, clave, num_telefonico, direccion) values (centro_operaciones_seq.nextval, 0, 1, 0, '0D5DtM', '5693759581', '83409 Steensland Avenue');
insert into OFICINA (centro_operaciones_id, call_center, clave, nombre) values (centro_operaciones_seq.currval, '6115336042', 'donec odio justo', 'Maggio, Wunsch and Mertz');
insert into centro_operaciones (centro_operaciones_id, es_farmacia, es_oficina, es_almacen, clave, num_telefonico, direccion) values (centro_operaciones_seq.nextval, 0, 1, 0, 'mvjyiE', '2129412683', '4936 Loeprich Crossing');
insert into OFICINA (centro_operaciones_id, call_center, clave, nombre) values (centro_operaciones_seq.currval, '3977128230', 'suspendisse ornare', 'Haley LLC');
insert into centro_operaciones (centro_operaciones_id, es_farmacia, es_oficina, es_almacen, clave, num_telefonico, direccion) values (centro_operaciones_seq.nextval, 0, 1, 0, '8EhnMP', '7442081010', '54 Maple Wood Junction');
insert into OFICINA (centro_operaciones_id, call_center, clave, nombre) values (centro_operaciones_seq.currval, '6072935335', 'purus sit amet null', 'Keeling, Towne and Gusikowski');
insert into centro_operaciones (centro_operaciones_id, es_farmacia, es_oficina, es_almacen, clave, num_telefonico, direccion) values (centro_operaciones_seq.nextval, 0, 1, 0, 'IkHjb9', '9656979629', '66 Sunbrook Road');
insert into OFICINA (centro_operaciones_id, call_center, clave, nombre) values (centro_operaciones_seq.currval, '2465361945', 'duis bibendum felis se', 'Hammes, Feeney and Moore');
insert into centro_operaciones (centro_operaciones_id, es_farmacia, es_oficina, es_almacen, clave, num_telefonico, direccion) values (centro_operaciones_seq.nextval, 0, 1, 0, 'p0dLIv', '3449264499', '944 Blaine Lane');
insert into OFICINA (centro_operaciones_id, call_center, clave, nombre) values (centro_operaciones_seq.currval, '1892711743', 'fusce congue diam id ', 'Wyman-');
insert into centro_operaciones (centro_operaciones_id, es_farmacia, es_oficina, es_almacen, clave, num_telefonico, direccion) values (centro_operaciones_seq.nextval, 0, 1, 0, 'XKL1A8', '6551545175', '225 Cottonwood Drive');
insert into OFICINA (centro_operaciones_id, call_center, clave, nombre) values (centro_operaciones_seq.currval, '7864544200', 'quam nec dui ', 'Flatley, Hammes and Weber');
insert into centro_operaciones (centro_operaciones_id, es_farmacia, es_oficina, es_almacen, clave, num_telefonico, direccion) values (centro_operaciones_seq.nextval, 0, 1, 0, 'Ipo7dm', '0657456404', '43462 Cottonwood Terrace');
insert into OFICINA (centro_operaciones_id, call_center, clave, nombre) values (centro_operaciones_seq.currval, '5245801054', 'aliquam sit amet', 'Breitenberg, Hahn and Eichmann');

--Almacenes
insert into centro_operaciones (centro_operaciones_id, es_farmacia, es_oficina, es_almacen, clave, num_telefonico, direccion) values (centro_operaciones_seq.nextval, 1, 0, 1, 'CHuuTK', '7728156020', '19 Fordem Alley');
insert into almacen (centro_operaciones_id, almacen_contingencia_id, tipo, documento) values (centro_operaciones_seq.currval, null, 'M', empty_blob());
insert into centro_operaciones (centro_operaciones_id, es_farmacia, es_oficina, es_almacen, clave, num_telefonico, direccion) values (centro_operaciones_seq.nextval, 0, 0, 1, '6Y00S6', '6949876704', '89 Bobwhite Trail');
insert into almacen (centro_operaciones_id, almacen_contingencia_id, tipo, documento) values (centro_operaciones_seq.currval, 81, 'M', empty_blob());
insert into centro_operaciones (centro_operaciones_id, es_farmacia, es_oficina, es_almacen, clave, num_telefonico, direccion) values (centro_operaciones_seq.nextval, 1, 0, 1, 'dX5D2F', '9849320556', '54630 Crescent Oaks Terrace');
insert into almacen (centro_operaciones_id, almacen_contingencia_id, tipo, documento) values (centro_operaciones_seq.currval, 82, 'D', empty_blob());
insert into centro_operaciones (centro_operaciones_id, es_farmacia, es_oficina, es_almacen, clave, num_telefonico, direccion) values (centro_operaciones_seq.nextval, 0, 0, 1, 'x4YkGh', '5094452318', '961 Armistice Drive');
insert into almacen (centro_operaciones_id, almacen_contingencia_id, tipo, documento) values (centro_operaciones_seq.currval, 83, 'D', empty_blob());
insert into centro_operaciones (centro_operaciones_id, es_farmacia, es_oficina, es_almacen, clave, num_telefonico, direccion) values (centro_operaciones_seq.nextval, 0, 0, 1, 'dgntuC', '8206927906', '6902 Petterle Center');
insert into almacen (centro_operaciones_id, almacen_contingencia_id, tipo, documento) values (centro_operaciones_seq.currval, 84, 'M', empty_blob());
insert into centro_operaciones (centro_operaciones_id, es_farmacia, es_oficina, es_almacen, clave, num_telefonico, direccion) values (centro_operaciones_seq.nextval, 0, 0, 1, '8ZOXGc', '9665278565', '8 Kenwood Alley');
insert into almacen (centro_operaciones_id, almacen_contingencia_id, tipo, documento) values (centro_operaciones_seq.currval, 85, 'D', empty_blob());
insert into centro_operaciones (centro_operaciones_id, es_farmacia, es_oficina, es_almacen, clave, num_telefonico, direccion) values (centro_operaciones_seq.nextval, 1, 0, 1, 'IVU9jq', '5625395986', '6 Cascade Hill');
insert into almacen (centro_operaciones_id, almacen_contingencia_id, tipo, documento) values (centro_operaciones_seq.currval, 86, 'D', empty_blob());
insert into centro_operaciones (centro_operaciones_id, es_farmacia, es_oficina, es_almacen, clave, num_telefonico, direccion) values (centro_operaciones_seq.nextval, 0, 0, 1, 'zvTgB9', '1407662755', '92509 Maywood Street');
insert into almacen (centro_operaciones_id, almacen_contingencia_id, tipo, documento) values (centro_operaciones_seq.currval, 87, 'D', empty_blob());
insert into centro_operaciones (centro_operaciones_id, es_farmacia, es_oficina, es_almacen, clave, num_telefonico, direccion) values (centro_operaciones_seq.nextval, 0, 0, 1, '2hiM3f', '3747998114', '866 Holmberg Drive');
insert into almacen (centro_operaciones_id, almacen_contingencia_id, tipo, documento) values (centro_operaciones_seq.currval, 88, 'D', empty_blob());
insert into centro_operaciones (centro_operaciones_id, es_farmacia, es_oficina, es_almacen, clave, num_telefonico, direccion) values (centro_operaciones_seq.nextval, 1, 0, 1, 'IOpnaY', '3689005623', '16 Shopko Circle');
insert into almacen (centro_operaciones_id, almacen_contingencia_id, tipo, documento) values (centro_operaciones_seq.currval, 89, 'D', empty_blob());
insert into centro_operaciones (centro_operaciones_id, es_farmacia, es_oficina, es_almacen, clave, num_telefonico, direccion) values (centro_operaciones_seq.nextval, 0, 0, 1, 'KLVSt7', '6704499068', '74513 Becker Avenue');
insert into almacen (centro_operaciones_id, almacen_contingencia_id, tipo, documento) values (centro_operaciones_seq.currval, 90, 'M', empty_blob());
insert into centro_operaciones (centro_operaciones_id, es_farmacia, es_oficina, es_almacen, clave, num_telefonico, direccion) values (centro_operaciones_seq.nextval, 0, 0, 1, 'CwYPLH', '2251696203', '90 Mockingbird Drive');
insert into almacen (centro_operaciones_id, almacen_contingencia_id, tipo, documento) values (centro_operaciones_seq.currval, null, 'M', empty_blob());
insert into centro_operaciones (centro_operaciones_id, es_farmacia, es_oficina, es_almacen, clave, num_telefonico, direccion) values (centro_operaciones_seq.nextval, 1, 0, 1, 'otqPPr', '3442102444', '5587 Armistice Drive');
insert into almacen (centro_operaciones_id, almacen_contingencia_id, tipo, documento) values (centro_operaciones_seq.currval, 91, 'C', empty_blob());
insert into centro_operaciones (centro_operaciones_id, es_farmacia, es_oficina, es_almacen, clave, num_telefonico, direccion) values (centro_operaciones_seq.nextval, 0, 0, 1, 'Jleopb', '3364990524', '6429 Mcbride Crossing');
insert into almacen (centro_operaciones_id, almacen_contingencia_id, tipo, documento) values (centro_operaciones_seq.currval, 92, 'D', empty_blob());
insert into centro_operaciones (centro_operaciones_id, es_farmacia, es_oficina, es_almacen, clave, num_telefonico, direccion) values (centro_operaciones_seq.nextval, 0, 0, 1, 'coLbie', '9196494983', '00183 Roxbury Junction');
insert into almacen (centro_operaciones_id, almacen_contingencia_id, tipo, documento) values (centro_operaciones_seq.currval, 93, 'D', empty_blob());
insert into centro_operaciones (centro_operaciones_id, es_farmacia, es_oficina, es_almacen, clave, num_telefonico, direccion) values (centro_operaciones_seq.nextval, 0, 0, 1, '7IGfiN', '0925388830', '00454 Bashford Crossing');
insert into almacen (centro_operaciones_id, almacen_contingencia_id, tipo, documento) values (centro_operaciones_seq.currval, null, 'M', empty_blob());
insert into centro_operaciones (centro_operaciones_id, es_farmacia, es_oficina, es_almacen, clave, num_telefonico, direccion) values (centro_operaciones_seq.nextval, 0, 0, 1, 'AWwmGD', '3115139498', '63881 Harper Plaza');
insert into almacen (centro_operaciones_id, almacen_contingencia_id, tipo, documento) values (centro_operaciones_seq.currval, 94, 'C', empty_blob());
insert into centro_operaciones (centro_operaciones_id, es_farmacia, es_oficina, es_almacen, clave, num_telefonico, direccion) values (centro_operaciones_seq.nextval, 0, 0, 1, 'jyZnAI', '4171582426', '5927 Redwing Terrace');
insert into almacen (centro_operaciones_id, almacen_contingencia_id, tipo, documento) values (centro_operaciones_seq.currval, 95, 'C', empty_blob());
insert into centro_operaciones (centro_operaciones_id, es_farmacia, es_oficina, es_almacen, clave, num_telefonico, direccion) values (centro_operaciones_seq.nextval, 0, 0, 1, 'w4oelW', '8049808209', '352 Schurz Alley');
insert into almacen (centro_operaciones_id, almacen_contingencia_id, tipo, documento) values (centro_operaciones_seq.currval, 96, 'M', empty_blob());
insert into centro_operaciones (centro_operaciones_id, es_farmacia, es_oficina, es_almacen, clave, num_telefonico, direccion) values (centro_operaciones_seq.nextval, 0, 0, 1, 'WR0URC', '6580307204', '45597 Iowa Parkway');
insert into almacen (centro_operaciones_id, almacen_contingencia_id, tipo, documento) values (centro_operaciones_seq.currval, null, 'M', empty_blob());
insert into centro_operaciones (centro_operaciones_id, es_farmacia, es_oficina, es_almacen, clave, num_telefonico, direccion) values (centro_operaciones_seq.nextval, 0, 0, 1, 'clIOvV', '0875929393', '1 Hintze Circle');
insert into almacen (centro_operaciones_id, almacen_contingencia_id, tipo, documento) values (centro_operaciones_seq.currval, 97, 'D', empty_blob());
insert into centro_operaciones (centro_operaciones_id, es_farmacia, es_oficina, es_almacen, clave, num_telefonico, direccion) values (centro_operaciones_seq.nextval, 0, 0, 1, 'KvmlLj', '5415498509', '00 Summit Park');
insert into almacen (centro_operaciones_id, almacen_contingencia_id, tipo, documento) values (centro_operaciones_seq.currval, null, 'M', empty_blob());
insert into centro_operaciones (centro_operaciones_id, es_farmacia, es_oficina, es_almacen, clave, num_telefonico, direccion) values (centro_operaciones_seq.nextval, 0, 0, 1, 'Zhxjar', '3039592143', '2 East Avenue');
insert into almacen (centro_operaciones_id, almacen_contingencia_id, tipo, documento) values (centro_operaciones_seq.currval, null, 'M', empty_blob());
insert into centro_operaciones (centro_operaciones_id, es_farmacia, es_oficina, es_almacen, clave, num_telefonico, direccion) values (centro_operaciones_seq.nextval, 0, 0, 1, '91Q9Lo', '4773234064', '536 Coleman Terrace');
insert into almacen (centro_operaciones_id, almacen_contingencia_id, tipo, documento) values (centro_operaciones_seq.currval, 98, 'D', empty_blob());
insert into centro_operaciones (centro_operaciones_id, es_farmacia, es_oficina, es_almacen, clave, num_telefonico, direccion) values (centro_operaciones_seq.nextval, 0, 0, 1, 'SvUVVj', '0170283068', '51042 Merrick Alley');
insert into almacen (centro_operaciones_id, almacen_contingencia_id, tipo, documento) values (centro_operaciones_seq.currval, 99, 'M', empty_blob());
insert into centro_operaciones (centro_operaciones_id, es_farmacia, es_oficina, es_almacen, clave, num_telefonico, direccion) values (centro_operaciones_seq.nextval, 0, 0, 1, '6Zt0xk', '8558686407', '82575 Nancy Drive');
insert into almacen (centro_operaciones_id, almacen_contingencia_id, tipo, documento) values (centro_operaciones_seq.currval, 100, 'D', empty_blob());
insert into centro_operaciones (centro_operaciones_id, es_farmacia, es_oficina, es_almacen, clave, num_telefonico, direccion) values (centro_operaciones_seq.nextval, 0, 0, 1, '8wDXMf', '7489575476', '1 Butterfield Center');
insert into almacen (centro_operaciones_id, almacen_contingencia_id, tipo, documento) values (centro_operaciones_seq.currval, 101, 'D', empty_blob());
insert into centro_operaciones (centro_operaciones_id, es_farmacia, es_oficina, es_almacen, clave, num_telefonico, direccion) values (centro_operaciones_seq.nextval, 0, 0, 1, 'K7HjzP', '3734321344', '390 Loftsgordon Drive');
insert into almacen (centro_operaciones_id, almacen_contingencia_id, tipo, documento) values (centro_operaciones_seq.currval, null, 'M', empty_blob());
insert into centro_operaciones (centro_operaciones_id, es_farmacia, es_oficina, es_almacen, clave, num_telefonico, direccion) values (centro_operaciones_seq.nextval, 0, 0, 1, 'lleTcd', '0916197729', '1361 Summer Ridge Pass');
insert into almacen (centro_operaciones_id, almacen_contingencia_id, tipo, documento) values (centro_operaciones_seq.currval, 102, 'C', empty_blob());
insert into centro_operaciones (centro_operaciones_id, es_farmacia, es_oficina, es_almacen, clave, num_telefonico, direccion) values (centro_operaciones_seq.nextval, 0, 0, 1, 'hDdWHW', '6203067518', '950 Heath Road');
insert into almacen (centro_operaciones_id, almacen_contingencia_id, tipo, documento) values (centro_operaciones_seq.currval, null, 'D', empty_blob());
insert into centro_operaciones (centro_operaciones_id, es_farmacia, es_oficina, es_almacen, clave, num_telefonico, direccion) values (centro_operaciones_seq.nextval, 0, 0, 1, 'cufd5L', '7176117715', '94682 Mallory Court');
insert into almacen (centro_operaciones_id, almacen_contingencia_id, tipo, documento) values (centro_operaciones_seq.currval, 103, 'M', empty_blob());
insert into centro_operaciones (centro_operaciones_id, es_farmacia, es_oficina, es_almacen, clave, num_telefonico, direccion) values (centro_operaciones_seq.nextval, 0, 0, 1, 'Zi60tT', '8802634926', '25605 Hollow Ridge Junction');
insert into almacen (centro_operaciones_id, almacen_contingencia_id, tipo, documento) values (centro_operaciones_seq.currval, 104, 'C', empty_blob());
insert into centro_operaciones (centro_operaciones_id, es_farmacia, es_oficina, es_almacen, clave, num_telefonico, direccion) values (centro_operaciones_seq.nextval, 0, 0, 1, 'oVk2JT', '8402161914', '0379 Eastwood Terrace');
insert into almacen (centro_operaciones_id, almacen_contingencia_id, tipo, documento) values (centro_operaciones_seq.currval, 105, 'D', empty_blob());
insert into centro_operaciones (centro_operaciones_id, es_farmacia, es_oficina, es_almacen, clave, num_telefonico, direccion) values (centro_operaciones_seq.nextval, 0, 0, 1, 'xoq3ty', '6240705727', '2130 Continental Court');
insert into almacen (centro_operaciones_id, almacen_contingencia_id, tipo, documento) values (centro_operaciones_seq.currval, 106, 'M', empty_blob());
insert into centro_operaciones (centro_operaciones_id, es_farmacia, es_oficina, es_almacen, clave, num_telefonico, direccion) values (centro_operaciones_seq.nextval, 0, 0, 1, 'wyhuOQ', '9831202452', '7477 Gina Pass');
insert into almacen (centro_operaciones_id, almacen_contingencia_id, tipo, documento) values (centro_operaciones_seq.currval, 107, 'C', empty_blob());
insert into centro_operaciones (centro_operaciones_id, es_farmacia, es_oficina, es_almacen, clave, num_telefonico, direccion) values (centro_operaciones_seq.nextval, 0, 0, 1, '49r3t0', '4757705844', '086 Dunning Court');
insert into almacen (centro_operaciones_id, almacen_contingencia_id, tipo, documento) values (centro_operaciones_seq.currval, 108, 'M', empty_blob());
insert into centro_operaciones (centro_operaciones_id, es_farmacia, es_oficina, es_almacen, clave, num_telefonico, direccion) values (centro_operaciones_seq.nextval, 0, 0, 1, 'I2vQ4M', '7858425699', '88261 Buhler Place');
insert into almacen (centro_operaciones_id, almacen_contingencia_id, tipo, documento) values (centro_operaciones_seq.currval, 109, 'C', empty_blob());
insert into centro_operaciones (centro_operaciones_id, es_farmacia, es_oficina, es_almacen, clave, num_telefonico, direccion) values (centro_operaciones_seq.nextval, 0, 0, 1, 'GAphzi', '6627005970', '2752 Summerview Parkway');
insert into almacen (centro_operaciones_id, almacen_contingencia_id, tipo, documento) values (centro_operaciones_seq.currval, null, 'M', empty_blob());
insert into centro_operaciones (centro_operaciones_id, es_farmacia, es_oficina, es_almacen, clave, num_telefonico, direccion) values (centro_operaciones_seq.nextval, 0, 0, 1, 'SqBnWy', '5742871815', '2 Eagle Crest Street');
insert into almacen (centro_operaciones_id, almacen_contingencia_id, tipo, documento) values (centro_operaciones_seq.currval, 110, 'C', empty_blob());
insert into centro_operaciones (centro_operaciones_id, es_farmacia, es_oficina, es_almacen, clave, num_telefonico, direccion) values (centro_operaciones_seq.nextval, 0, 0, 1, 'bTIhHE', '0767625140', '7478 Dennis Circle');
insert into almacen (centro_operaciones_id, almacen_contingencia_id, tipo, documento) values (centro_operaciones_seq.currval, 111, 'M', empty_blob());

--MEDICAMENTO


insert into MEDICAMENTO (medicamento_id, sustancia_activa, descripcion) values (medicamento_seq.nextval, 'Mango Blossom', 'Infus');
insert into MEDICAMENTO (medicamento_id, sustancia_activa, descripcion) values (medicamento_seq.nextval, 'Ensulizole', 'Octinoxate');
insert into MEDICAMENTO (medicamento_id, sustancia_activa, descripcion) values (medicamento_seq.nextval, 'Benzocaine', 'IVUS');
insert into MEDICAMENTO (medicamento_id, sustancia_activa, descripcion) values (medicamento_seq.nextval, 'CLEMATIS RECTA', 'GI scan');
insert into MEDICAMENTO (medicamento_id, sustancia_activa, descripcion) values (medicamento_seq.nextval, 'Chlorpheniramine Maleate', 'Excis perianal');
insert into MEDICAMENTO (medicamento_id, sustancia_activa, descripcion) values (medicamento_seq.nextval, 'Chloroxylenol', 'Lacrimal sys dx proc NEC');
insert into MEDICAMENTO (medicamento_id, sustancia_activa, descripcion) values (medicamento_seq.nextval, 'Chloroxylenol', 'Occlude abd vein NEC');
insert into MEDICAMENTO (medicamento_id, sustancia_activa, descripcion) values (medicamento_seq.nextval, 'temazepam', 'Opn chest');
insert into MEDICAMENTO (medicamento_id, sustancia_activa, descripcion) values (medicamento_seq.nextval, 'amoxicillin and', 'Foot ');
insert into MEDICAMENTO (medicamento_id, sustancia_activa, descripcion) values (medicamento_seq.nextval, 'Doxycycline Hyclate', 'Lap incis hern');
insert into MEDICAMENTO (medicamento_id, sustancia_activa, descripcion) values (medicamento_seq.nextval, 'HEPARIN SODIUM', 'Thoracic vessel excision');
insert into MEDICAMENTO (medicamento_id, sustancia_activa, descripcion) values (medicamento_seq.nextval, 'Isopropyl Alcohol', 'Remov biliary liver tube');
insert into MEDICAMENTO (medicamento_id, sustancia_activa, descripcion) values (medicamento_seq.nextval, 'Corn Smut', 'female genital');
insert into MEDICAMENTO (medicamento_id, sustancia_activa, descripcion) values (medicamento_seq.nextval, 'Olanzapine', 'Parasitologyeye');
insert into MEDICAMENTO (medicamento_id, sustancia_activa, descripcion) values (medicamento_seq.nextval, 'Piperonyl butoxide', 'Uterine suspension');
insert into MEDICAMENTO (medicamento_id, sustancia_activa, descripcion) values (medicamento_seq.nextval, 'Ibuprofen', 'Imp crtd sinus');
insert into MEDICAMENTO (medicamento_id, sustancia_activa, descripcion) values (medicamento_seq.nextval, 'Quetiapine fumarate', 'Gastric repair NEC');
insert into MEDICAMENTO (medicamento_id, sustancia_activa, descripcion) values (medicamento_seq.nextval, 'Menthol', 'Local destr ova les NEC');
insert into MEDICAMENTO (medicamento_id, sustancia_activa, descripcion) values (medicamento_seq.nextval, 'Melatonin', 'Cendocrine');
insert into MEDICAMENTO (medicamento_id, sustancia_activa, descripcion) values (medicamento_seq.nextval, 'Chlorpheniramine Maleate', 'Lap biopsy of ovary');



--PRESENTACION_MEDICAMENTO

insert into PRESENTACION_MEDICAMENTO (presentacion_medicamento_id, medicamento_id, presentacion) values (presentacion_med_seq.nextval, 10, 'caja 10');
insert into PRESENTACION_MEDICAMENTO (presentacion_medicamento_id, medicamento_id, presentacion) values (presentacion_med_seq.nextval, 7, 'caja 20');
insert into PRESENTACION_MEDICAMENTO (presentacion_medicamento_id, medicamento_id, presentacion) values (presentacion_med_seq.nextval, 8, 'caja 30');
insert into PRESENTACION_MEDICAMENTO (presentacion_medicamento_id, medicamento_id, presentacion) values (presentacion_med_seq.nextval, 15, 'caja 40');
insert into PRESENTACION_MEDICAMENTO (presentacion_medicamento_id, medicamento_id, presentacion) values (presentacion_med_seq.nextval, 18, 'solucin 100ml');
insert into PRESENTACION_MEDICAMENTO (presentacion_medicamento_id, medicamento_id, presentacion) values (presentacion_med_seq.nextval, 4, 'solucin 50ml');
insert into PRESENTACION_MEDICAMENTO (presentacion_medicamento_id, medicamento_id, presentacion) values (presentacion_med_seq.nextval, 10, 'solucin 00ml');
insert into PRESENTACION_MEDICAMENTO (presentacion_medicamento_id, medicamento_id, presentacion) values (presentacion_med_seq.nextval, 14,'ampolleta 100ml');
insert into PRESENTACION_MEDICAMENTO (presentacion_medicamento_id, medicamento_id, presentacion) values (presentacion_med_seq.nextval, 4, 'ampolleta 50ml');
insert into PRESENTACION_MEDICAMENTO (presentacion_medicamento_id, medicamento_id, presentacion) values (presentacion_med_seq.nextval, 10, 'caja 30');
insert into PRESENTACION_MEDICAMENTO (presentacion_medicamento_id, medicamento_id, presentacion) values (presentacion_med_seq.nextval, 9, 'caja 30');
insert into PRESENTACION_MEDICAMENTO (presentacion_medicamento_id, medicamento_id, presentacion) values (presentacion_med_seq.nextval, 11,'ampolleta 500ml');
insert into PRESENTACION_MEDICAMENTO (presentacion_medicamento_id, medicamento_id, presentacion) values (presentacion_med_seq.nextval, 6,'caja 30');
insert into PRESENTACION_MEDICAMENTO (presentacion_medicamento_id, medicamento_id, presentacion) values (presentacion_med_seq.nextval, 14, 'caja 30');
insert into PRESENTACION_MEDICAMENTO (presentacion_medicamento_id, medicamento_id, presentacion) values (presentacion_med_seq.nextval, 10, 'caja 20');
insert into PRESENTACION_MEDICAMENTO (presentacion_medicamento_id, medicamento_id, presentacion) values (presentacion_med_seq.nextval, 19,'ampolleta 200ml');
insert into PRESENTACION_MEDICAMENTO (presentacion_medicamento_id, medicamento_id, presentacion) values (presentacion_med_seq.nextval, 12,'caja 20');
insert into PRESENTACION_MEDICAMENTO (presentacion_medicamento_id, medicamento_id, presentacion) values (presentacion_med_seq.nextval, 18, 'caja 20');
insert into PRESENTACION_MEDICAMENTO (presentacion_medicamento_id, medicamento_id, presentacion) values (presentacion_med_seq.nextval, 14,'caja 20');
insert into PRESENTACION_MEDICAMENTO (presentacion_medicamento_id, medicamento_id, presentacion) values (presentacion_med_seq.nextval, 8,'caja 20');


--NOMBRE_MEDICAMENTO
insert into NOMBRE_MEDICAMENTO (nombre_medicamento_id, nombre, medicamento_id) values (nombre_med_seq.nextval, 'LIDOCAINE HYDROCHLORIDE', 6);
insert into NOMBRE_MEDICAMENTO (nombre_medicamento_id, nombre, medicamento_id) values (nombre_med_seq.nextval, 'Ampicillin Sodium', 1);
insert into NOMBRE_MEDICAMENTO (nombre_medicamento_id, nombre, medicamento_id) values (nombre_med_seq.nextval, 'Sodium Fluoride', 16);
insert into NOMBRE_MEDICAMENTO (nombre_medicamento_id, nombre, medicamento_id) values (nombre_med_seq.nextval, 'ACARBOSE', 20);
insert into NOMBRE_MEDICAMENTO (nombre_medicamento_id, nombre, medicamento_id) values (nombre_med_seq.nextval, 'Arsenicum alb', 16);
insert into NOMBRE_MEDICAMENTO (nombre_medicamento_id, nombre, medicamento_id) values (nombre_med_seq.nextval, 'hydrogen peroxide', 15);
insert into NOMBRE_MEDICAMENTO (nombre_medicamento_id, nombre, medicamento_id) values (nombre_med_seq.nextval, 'Oxygen', 14);
insert into NOMBRE_MEDICAMENTO (nombre_medicamento_id, nombre, medicamento_id) values (nombre_med_seq.nextval, 'lisinopril', 11);
insert into NOMBRE_MEDICAMENTO (nombre_medicamento_id, nombre, medicamento_id) values (nombre_med_seq.nextval, 'BuPROPion Hydrochloride', 5);
insert into NOMBRE_MEDICAMENTO (nombre_medicamento_id, nombre, medicamento_id) values (nombre_med_seq.nextval, 'Antacid and Antigas', 3);
insert into NOMBRE_MEDICAMENTO (nombre_medicamento_id, nombre, medicamento_id) values (nombre_med_seq.nextval, 'Oxycodone Hydrochloride', 3);
insert into NOMBRE_MEDICAMENTO (nombre_medicamento_id, nombre, medicamento_id) values (nombre_med_seq.nextval, 'Guaifenesin', 20);
insert into NOMBRE_MEDICAMENTO (nombre_medicamento_id, nombre, medicamento_id) values (nombre_med_seq.nextval, 'Nicotine Polacrilex', 2);
insert into NOMBRE_MEDICAMENTO (nombre_medicamento_id, nombre, medicamento_id) values (nombre_med_seq.nextval, 'ZINC OXIDE', 17);
insert into NOMBRE_MEDICAMENTO (nombre_medicamento_id, nombre, medicamento_id) values (nombre_med_seq.nextval, 'Sertraline Hydrochloride', 4);
insert into NOMBRE_MEDICAMENTO (nombre_medicamento_id, nombre, medicamento_id) values (nombre_med_seq.nextval, 'TITANIUM DIOXIDE', 2);
insert into NOMBRE_MEDICAMENTO (nombre_medicamento_id, nombre, medicamento_id) values (nombre_med_seq.nextval, 'Metoprolol Tartrate', 5);
insert into NOMBRE_MEDICAMENTO (nombre_medicamento_id, nombre, medicamento_id) values (nombre_med_seq.nextval, 'Amlodipine Besylate', 2);
insert into NOMBRE_MEDICAMENTO (nombre_medicamento_id, nombre, medicamento_id) values (nombre_med_seq.nextval, 'Sodium Chloride', 4);
insert into NOMBRE_MEDICAMENTO (nombre_medicamento_id, nombre, medicamento_id) values (nombre_med_seq.nextval, 'POLYETHYLENE GLYCOL 400L', 5);
insert into NOMBRE_MEDICAMENTO (nombre_medicamento_id, nombre, medicamento_id) values (nombre_med_seq.nextval, 'Losartan Potassium', 8);
insert into NOMBRE_MEDICAMENTO (nombre_medicamento_id, nombre, medicamento_id) values (nombre_med_seq.nextval, 'oxycodone hydrochloride', 20);
insert into NOMBRE_MEDICAMENTO (nombre_medicamento_id, nombre, medicamento_id) values (nombre_med_seq.nextval, 'Human Immunoglobulin G', 2);
insert into NOMBRE_MEDICAMENTO (nombre_medicamento_id, nombre, medicamento_id) values (nombre_med_seq.nextval, 'Hydralazine Hydrochloride', 10);
insert into NOMBRE_MEDICAMENTO (nombre_medicamento_id, nombre, medicamento_id) values (nombre_med_seq.nextval, 'SULFACETAMIDE SODIUM, SULFUR', 9);
insert into NOMBRE_MEDICAMENTO (nombre_medicamento_id, nombre, medicamento_id) values (nombre_med_seq.nextval, 'Lorazepam', 6);
insert into NOMBRE_MEDICAMENTO (nombre_medicamento_id, nombre, medicamento_id) values (nombre_med_seq.nextval, 'Antihemophilic ', 14);
insert into NOMBRE_MEDICAMENTO (nombre_medicamento_id, nombre, medicamento_id) values (nombre_med_seq.nextval, 'Amoxicillin ', 12);
insert into NOMBRE_MEDICAMENTO (nombre_medicamento_id, nombre, medicamento_id) values (nombre_med_seq.nextval, 'Arizona Cypress', 4);
insert into NOMBRE_MEDICAMENTO (nombre_medicamento_id, nombre, medicamento_id) values (nombre_med_seq.nextval, 'Avobenzone', 13);
insert into NOMBRE_MEDICAMENTO (nombre_medicamento_id, nombre, medicamento_id) values (nombre_med_seq.nextval, 'Menthol', 19);
insert into NOMBRE_MEDICAMENTO (nombre_medicamento_id, nombre, medicamento_id) values (nombre_med_seq.nextval, 'Influenza A Virus', 9);
insert into NOMBRE_MEDICAMENTO (nombre_medicamento_id, nombre, medicamento_id) values (nombre_med_seq.nextval, 'Venlafaxine Hydrochloride', 5);
insert into NOMBRE_MEDICAMENTO (nombre_medicamento_id, nombre, medicamento_id) values (nombre_med_seq.nextval, 'Benzocaine, Resorcinol', 13);
insert into NOMBRE_MEDICAMENTO (nombre_medicamento_id, nombre, medicamento_id) values (nombre_med_seq.nextval, 'Almond', 12);
insert into NOMBRE_MEDICAMENTO (nombre_medicamento_id, nombre, medicamento_id) values (nombre_med_seq.nextval, 'NITROGLYCERIN', 1);
insert into NOMBRE_MEDICAMENTO (nombre_medicamento_id, nombre, medicamento_id) values (nombre_med_seq.nextval, 'Cetylpyridinium ', 5);
insert into NOMBRE_MEDICAMENTO (nombre_medicamento_id, nombre, medicamento_id) values (nombre_med_seq.nextval, 'amitriptyline hydrochloride', 5);
insert into NOMBRE_MEDICAMENTO (nombre_medicamento_id, nombre, medicamento_id) values (nombre_med_seq.nextval, 'Sumatriptan', 11);
insert into NOMBRE_MEDICAMENTO (nombre_medicamento_id, nombre, medicamento_id) values (nombre_med_seq.nextval, 'sarcobatus vermiculatus pollen', 1);
insert into NOMBRE_MEDICAMENTO (nombre_medicamento_id, nombre, medicamento_id) values (nombre_med_seq.nextval, 'Bismuth', 4);
insert into NOMBRE_MEDICAMENTO (nombre_medicamento_id, nombre, medicamento_id) values (nombre_med_seq.nextval, 'Enoxaparin sodium', 18);
insert into NOMBRE_MEDICAMENTO (nombre_medicamento_id, nombre, medicamento_id) values (nombre_med_seq.nextval, 'Menthol', 3);
insert into NOMBRE_MEDICAMENTO (nombre_medicamento_id, nombre, medicamento_id) values (nombre_med_seq.nextval, 'Hydrocortisone Silicone', 12);
insert into NOMBRE_MEDICAMENTO (nombre_medicamento_id, nombre, medicamento_id) values (nombre_med_seq.nextval, 'LAMOTRIGINE', 14);
insert into NOMBRE_MEDICAMENTO (nombre_medicamento_id, nombre, medicamento_id) values (nombre_med_seq.nextval, 'Dexamethasone', 15);
insert into NOMBRE_MEDICAMENTO (nombre_medicamento_id, nombre, medicamento_id) values (nombre_med_seq.nextval, 'Homosalate', 12);
insert into NOMBRE_MEDICAMENTO (nombre_medicamento_id, nombre, medicamento_id) values (nombre_med_seq.nextval, 'Indapamide', 2);
insert into NOMBRE_MEDICAMENTO (nombre_medicamento_id, nombre, medicamento_id) values (nombre_med_seq.nextval, 'Octinoxate ', 18);
insert into NOMBRE_MEDICAMENTO (nombre_medicamento_id, nombre, medicamento_id) values (nombre_med_seq.nextval, 'OCTINOXATE and OXYBENZONE', 17);
insert into NOMBRE_MEDICAMENTO (nombre_medicamento_id, nombre, medicamento_id) values (nombre_med_seq.nextval, 'Quetiapine fumarate', 16);
insert into NOMBRE_MEDICAMENTO (nombre_medicamento_id, nombre, medicamento_id) values (nombre_med_seq.nextval, 'CELECOXIB', 4);
insert into NOMBRE_MEDICAMENTO (nombre_medicamento_id, nombre, medicamento_id) values (nombre_med_seq.nextval, 'tolterodine', 4);
insert into NOMBRE_MEDICAMENTO (nombre_medicamento_id, nombre, medicamento_id) values (nombre_med_seq.nextval, 'PYRITHIONE ZINC', 7);
insert into NOMBRE_MEDICAMENTO (nombre_medicamento_id, nombre, medicamento_id) values (nombre_med_seq.nextval, 'levofloxacin', 11);
insert into NOMBRE_MEDICAMENTO (nombre_medicamento_id, nombre, medicamento_id) values (nombre_med_seq.nextval, 'Triamcinolone Acetonide', 13);
insert into NOMBRE_MEDICAMENTO (nombre_medicamento_id, nombre, medicamento_id) values (nombre_med_seq.nextval, 'Ceftriaxone', 11);
insert into NOMBRE_MEDICAMENTO (nombre_medicamento_id, nombre, medicamento_id) values (nombre_med_seq.nextval, 'Triclosan', 3);
insert into NOMBRE_MEDICAMENTO (nombre_medicamento_id, nombre, medicamento_id) values (nombre_med_seq.nextval, 'Helianthemum', 12);
insert into NOMBRE_MEDICAMENTO (nombre_medicamento_id, nombre, medicamento_id) values (nombre_med_seq.nextval, 'Eucalyptol', 16);
insert into NOMBRE_MEDICAMENTO (nombre_medicamento_id, nombre, medicamento_id) values (nombre_med_seq.nextval, 'Anticoagulant', 19);
insert into NOMBRE_MEDICAMENTO (nombre_medicamento_id, nombre, medicamento_id) values (nombre_med_seq.nextval, 'Zonisamide', 17);
insert into NOMBRE_MEDICAMENTO (nombre_medicamento_id, nombre, medicamento_id) values (nombre_med_seq.nextval, 'Strawberry', 15);
insert into NOMBRE_MEDICAMENTO (nombre_medicamento_id, nombre, medicamento_id) values (nombre_med_seq.nextval, 'TRICLOSAN', 1);
insert into NOMBRE_MEDICAMENTO (nombre_medicamento_id, nombre, medicamento_id) values (nombre_med_seq.nextval, 'Fusarium oxysporum', 1);
insert into NOMBRE_MEDICAMENTO (nombre_medicamento_id, nombre, medicamento_id) values (nombre_med_seq.nextval, 'Belinostat', 8);
insert into NOMBRE_MEDICAMENTO (nombre_medicamento_id, nombre, medicamento_id) values (nombre_med_seq.nextval, 'OCTINOXATE', 18);
insert into NOMBRE_MEDICAMENTO (nombre_medicamento_id, nombre, medicamento_id) values (nombre_med_seq.nextval, 'Acetaminophen', 14);
insert into NOMBRE_MEDICAMENTO (nombre_medicamento_id, nombre, medicamento_id) values (nombre_med_seq.nextval, 'OCTINOXATE', 11);
insert into NOMBRE_MEDICAMENTO (nombre_medicamento_id, nombre, medicamento_id) values (nombre_med_seq.nextval, 'METHYL SALICYLATE', 1);
insert into NOMBRE_MEDICAMENTO (nombre_medicamento_id, nombre, medicamento_id) values (nombre_med_seq.nextval, 'Captopril', 12);
insert into NOMBRE_MEDICAMENTO (nombre_medicamento_id, nombre, medicamento_id) values (nombre_med_seq.nextval, 'Cetirizine Hydrochloride', 2);
insert into NOMBRE_MEDICAMENTO (nombre_medicamento_id, nombre, medicamento_id) values (nombre_med_seq.nextval, 'Titanium Dioxid', 14);
insert into NOMBRE_MEDICAMENTO (nombre_medicamento_id, nombre, medicamento_id) values (nombre_med_seq.nextval, 'Benazepril Hydrochloride', 19);
insert into NOMBRE_MEDICAMENTO (nombre_medicamento_id, nombre, medicamento_id) values (nombre_med_seq.nextval, 'FOLIC ACID', 8);
insert into NOMBRE_MEDICAMENTO (nombre_medicamento_id, nombre, medicamento_id) values (nombre_med_seq.nextval, 'Glycopyrrolate', 15);
insert into NOMBRE_MEDICAMENTO (nombre_medicamento_id, nombre, medicamento_id) values (nombre_med_seq.nextval, 'Zinc Oxide', 14);
insert into NOMBRE_MEDICAMENTO (nombre_medicamento_id, nombre, medicamento_id) values (nombre_med_seq.nextval, 'Naproxen Sodium', 19);
insert into NOMBRE_MEDICAMENTO (nombre_medicamento_id, nombre, medicamento_id) values (nombre_med_seq.nextval, 'Propranolol Hydrochloride', 19);
insert into NOMBRE_MEDICAMENTO (nombre_medicamento_id, nombre, medicamento_id) values (nombre_med_seq.nextval, 'Dextran', 1);
insert into NOMBRE_MEDICAMENTO (nombre_medicamento_id, nombre, medicamento_id) values (nombre_med_seq.nextval, 'Testes Apis', 19);
insert into NOMBRE_MEDICAMENTO (nombre_medicamento_id, nombre, medicamento_id) values (nombre_med_seq.nextval, 'Antihemophilic Factor', 1);
insert into NOMBRE_MEDICAMENTO (nombre_medicamento_id, nombre, medicamento_id) values (nombre_med_seq.nextval, 'PreNatal Vitamins Plus', 4);
insert into NOMBRE_MEDICAMENTO (nombre_medicamento_id, nombre, medicamento_id) values (nombre_med_seq.nextval, 'BENZALKONIUM CHLORIDE', 11);
insert into NOMBRE_MEDICAMENTO (nombre_medicamento_id, nombre, medicamento_id) values (nombre_med_seq.nextval, 'DEXAMETHASONE', 18);
insert into NOMBRE_MEDICAMENTO (nombre_medicamento_id, nombre, medicamento_id) values (nombre_med_seq.nextval, 'Loratadine', 4);
insert into NOMBRE_MEDICAMENTO (nombre_medicamento_id, nombre, medicamento_id) values (nombre_med_seq.nextval, 'Healing Ointment', 3);
insert into NOMBRE_MEDICAMENTO (nombre_medicamento_id, nombre, medicamento_id) values (nombre_med_seq.nextval, 'AVOBENZONE', 5);
insert into NOMBRE_MEDICAMENTO (nombre_medicamento_id, nombre, medicamento_id) values (nombre_med_seq.nextval, 'pegvisomant', 2);
insert into NOMBRE_MEDICAMENTO (nombre_medicamento_id, nombre, medicamento_id) values (nombre_med_seq.nextval, 'Standardized Grass Pollen', 2);
insert into NOMBRE_MEDICAMENTO (nombre_medicamento_id, nombre, medicamento_id) values (nombre_med_seq.nextval, 'ARIPIPRAZOLE', 18);
insert into NOMBRE_MEDICAMENTO (nombre_medicamento_id, nombre, medicamento_id) values (nombre_med_seq.nextval, 'Echinacea', 19);
insert into NOMBRE_MEDICAMENTO (nombre_medicamento_id, nombre, medicamento_id) values (nombre_med_seq.nextval, 'OCTINOXATE', 16);
insert into NOMBRE_MEDICAMENTO (nombre_medicamento_id, nombre, medicamento_id) values (nombre_med_seq.nextval, 'Mountain Cedar', 5);
insert into NOMBRE_MEDICAMENTO (nombre_medicamento_id, nombre, medicamento_id) values (nombre_med_seq.nextval, 'levothyroxine sodium', 16);
insert into NOMBRE_MEDICAMENTO (nombre_medicamento_id, nombre, medicamento_id) values (nombre_med_seq.nextval, 'Metformin hydrochloride', 16);
insert into NOMBRE_MEDICAMENTO (nombre_medicamento_id, nombre, medicamento_id) values (nombre_med_seq.nextval, 'Allergenic Extracts', 4);
insert into NOMBRE_MEDICAMENTO (nombre_medicamento_id, nombre, medicamento_id) values (nombre_med_seq.nextval, 'losartan potassium', 3);
insert into NOMBRE_MEDICAMENTO (nombre_medicamento_id, nombre, medicamento_id) values (nombre_med_seq.nextval, 'paroxetine hydrochloride', 5);
insert into NOMBRE_MEDICAMENTO (nombre_medicamento_id, nombre, medicamento_id) values (nombre_med_seq.nextval, 'Stannous Fluoride', 20);

--FARMACIA_MEDICAMENTO
insert into FARMACIA_MEDICAMENTO (farmacia_medicamento_id, unidades_disponibles, medicamento_id, farmacia_id, presentacion_medicamento_id) values (farmacia_med_seq.nextval, 69, 10, 30, 1);
insert into FARMACIA_MEDICAMENTO (farmacia_medicamento_id, unidades_disponibles, medicamento_id, farmacia_id, presentacion_medicamento_id) values (farmacia_med_seq.nextval, 13, 7, 4, 2);
insert into FARMACIA_MEDICAMENTO (farmacia_medicamento_id, unidades_disponibles, medicamento_id, farmacia_id, presentacion_medicamento_id) values (farmacia_med_seq.nextval, 90, 7, 33, 2);
insert into FARMACIA_MEDICAMENTO (farmacia_medicamento_id, unidades_disponibles, medicamento_id, farmacia_id, presentacion_medicamento_id) values (farmacia_med_seq.nextval, 384, 8, 31, 3);
insert into FARMACIA_MEDICAMENTO (farmacia_medicamento_id, unidades_disponibles, medicamento_id, farmacia_id, presentacion_medicamento_id) values (farmacia_med_seq.nextval, 196, 8, 5, 3);
insert into FARMACIA_MEDICAMENTO (farmacia_medicamento_id, unidades_disponibles, medicamento_id, farmacia_id, presentacion_medicamento_id) values (farmacia_med_seq.nextval, 149, 15, 33, 4);
insert into FARMACIA_MEDICAMENTO (farmacia_medicamento_id, unidades_disponibles, medicamento_id, farmacia_id, presentacion_medicamento_id) values (farmacia_med_seq.nextval, 242, 15, 10, 4);
insert into FARMACIA_MEDICAMENTO (farmacia_medicamento_id, unidades_disponibles, medicamento_id, farmacia_id, presentacion_medicamento_id) values (farmacia_med_seq.nextval, 131, 18, 7, 5);
insert into FARMACIA_MEDICAMENTO (farmacia_medicamento_id, unidades_disponibles, medicamento_id, farmacia_id, presentacion_medicamento_id) values (farmacia_med_seq.nextval, 247, 18, 33, 5);
insert into FARMACIA_MEDICAMENTO (farmacia_medicamento_id, unidades_disponibles, medicamento_id, farmacia_id, presentacion_medicamento_id) values (farmacia_med_seq.nextval, 328, 18, 34, 5);
insert into FARMACIA_MEDICAMENTO (farmacia_medicamento_id, unidades_disponibles, medicamento_id, farmacia_id, presentacion_medicamento_id) values (farmacia_med_seq.nextval, 28, 4, 10, 6);
insert into FARMACIA_MEDICAMENTO (farmacia_medicamento_id, unidades_disponibles, medicamento_id, farmacia_id, presentacion_medicamento_id) values (farmacia_med_seq.nextval, 72, 4, 6, 6);
insert into FARMACIA_MEDICAMENTO (farmacia_medicamento_id, unidades_disponibles, medicamento_id, farmacia_id, presentacion_medicamento_id) values (farmacia_med_seq.nextval, 227, 10, 26, 7);
insert into FARMACIA_MEDICAMENTO (farmacia_medicamento_id, unidades_disponibles, medicamento_id, farmacia_id, presentacion_medicamento_id) values (farmacia_med_seq.nextval, 322, 10, 2, 7);
insert into FARMACIA_MEDICAMENTO (farmacia_medicamento_id, unidades_disponibles, medicamento_id, farmacia_id, presentacion_medicamento_id) values (farmacia_med_seq.nextval, 344, 10, 6, 7);
insert into FARMACIA_MEDICAMENTO (farmacia_medicamento_id, unidades_disponibles, medicamento_id, farmacia_id, presentacion_medicamento_id) values (farmacia_med_seq.nextval, 372, 9, 15,11);
insert into FARMACIA_MEDICAMENTO (farmacia_medicamento_id, unidades_disponibles, medicamento_id, farmacia_id, presentacion_medicamento_id) values (farmacia_med_seq.nextval, 69, 9, 38, 11);
insert into FARMACIA_MEDICAMENTO (farmacia_medicamento_id, unidades_disponibles, medicamento_id, farmacia_id, presentacion_medicamento_id) values (farmacia_med_seq.nextval, 171, 9, 3, 11);
insert into FARMACIA_MEDICAMENTO (farmacia_medicamento_id, unidades_disponibles, medicamento_id, farmacia_id, presentacion_medicamento_id) values (farmacia_med_seq.nextval, 301, 9, 35, 11);
insert into FARMACIA_MEDICAMENTO (farmacia_medicamento_id, unidades_disponibles, medicamento_id, farmacia_id, presentacion_medicamento_id) values (farmacia_med_seq.nextval, 488, 9, 6, 11);
insert into FARMACIA_MEDICAMENTO (farmacia_medicamento_id, unidades_disponibles, medicamento_id, farmacia_id, presentacion_medicamento_id) values (farmacia_med_seq.nextval, 48, 9, 40, 11);
insert into FARMACIA_MEDICAMENTO (farmacia_medicamento_id, unidades_disponibles, medicamento_id, farmacia_id, presentacion_medicamento_id) values (farmacia_med_seq.nextval, 336,18, 3, 5);
insert into FARMACIA_MEDICAMENTO (farmacia_medicamento_id, unidades_disponibles, medicamento_id, farmacia_id, presentacion_medicamento_id) values (farmacia_med_seq.nextval, 150, 18, 31, 5);
insert into FARMACIA_MEDICAMENTO (farmacia_medicamento_id, unidades_disponibles, medicamento_id, farmacia_id, presentacion_medicamento_id) values (farmacia_med_seq.nextval, 300, 14, 35, 8);
insert into FARMACIA_MEDICAMENTO (farmacia_medicamento_id, unidades_disponibles, medicamento_id, farmacia_id, presentacion_medicamento_id) values (farmacia_med_seq.nextval, 98, 14, 22, 8);
insert into FARMACIA_MEDICAMENTO (farmacia_medicamento_id, unidades_disponibles, medicamento_id, farmacia_id, presentacion_medicamento_id) values (farmacia_med_seq.nextval, 374, 14, 7, 8);
insert into FARMACIA_MEDICAMENTO (farmacia_medicamento_id, unidades_disponibles, medicamento_id, farmacia_id, presentacion_medicamento_id) values (farmacia_med_seq.nextval, 441, 14, 13, 8);
insert into FARMACIA_MEDICAMENTO (farmacia_medicamento_id, unidades_disponibles, medicamento_id, farmacia_id, presentacion_medicamento_id) values (farmacia_med_seq.nextval, 480, 6, 14, 13);
insert into FARMACIA_MEDICAMENTO (farmacia_medicamento_id, unidades_disponibles, medicamento_id, farmacia_id, presentacion_medicamento_id) values (farmacia_med_seq.nextval, 141, 6, 33, 13);
insert into FARMACIA_MEDICAMENTO (farmacia_medicamento_id, unidades_disponibles, medicamento_id, farmacia_id, presentacion_medicamento_id) values (farmacia_med_seq.nextval, 240, 6, 24, 13);
insert into FARMACIA_MEDICAMENTO (farmacia_medicamento_id, unidades_disponibles, medicamento_id, farmacia_id, presentacion_medicamento_id) values (farmacia_med_seq.nextval, 320, 19, 29, 16);
insert into FARMACIA_MEDICAMENTO (farmacia_medicamento_id, unidades_disponibles, medicamento_id, farmacia_id, presentacion_medicamento_id) values (farmacia_med_seq.nextval, 318, 12, 5, 17);
insert into FARMACIA_MEDICAMENTO (farmacia_medicamento_id, unidades_disponibles, medicamento_id, farmacia_id, presentacion_medicamento_id) values (farmacia_med_seq.nextval, 406, 18, 33, 18);
insert into FARMACIA_MEDICAMENTO (farmacia_medicamento_id, unidades_disponibles, medicamento_id, farmacia_id, presentacion_medicamento_id) values (farmacia_med_seq.nextval, 163, 18, 39, 18);
insert into FARMACIA_MEDICAMENTO (farmacia_medicamento_id, unidades_disponibles, medicamento_id, farmacia_id, presentacion_medicamento_id) values (farmacia_med_seq.nextval, 52, 14, 22, 19);
insert into FARMACIA_MEDICAMENTO (farmacia_medicamento_id, unidades_disponibles, medicamento_id, farmacia_id, presentacion_medicamento_id) values (farmacia_med_seq.nextval, 286,14, 20, 19);
insert into FARMACIA_MEDICAMENTO (farmacia_medicamento_id, unidades_disponibles, medicamento_id, farmacia_id, presentacion_medicamento_id) values (farmacia_med_seq.nextval, 373, 14, 12, 19);
insert into FARMACIA_MEDICAMENTO (farmacia_medicamento_id, unidades_disponibles, medicamento_id, farmacia_id, presentacion_medicamento_id) values (farmacia_med_seq.nextval, 172,14, 2, 19);
insert into FARMACIA_MEDICAMENTO (farmacia_medicamento_id, unidades_disponibles, medicamento_id, farmacia_id, presentacion_medicamento_id) values (farmacia_med_seq.nextval, 288, 14, 30, 19);
insert into FARMACIA_MEDICAMENTO (farmacia_medicamento_id, unidades_disponibles, medicamento_id, farmacia_id, presentacion_medicamento_id) values (farmacia_med_seq.nextval, 148, 8, 31, 20);
insert into FARMACIA_MEDICAMENTO (farmacia_medicamento_id, unidades_disponibles, medicamento_id, farmacia_id, presentacion_medicamento_id) values (farmacia_med_seq.nextval, 238, 8, 39, 20);
insert into FARMACIA_MEDICAMENTO (farmacia_medicamento_id, unidades_disponibles, medicamento_id, farmacia_id, presentacion_medicamento_id) values (farmacia_med_seq.nextval, 123, 8, 30, 20);
insert into FARMACIA_MEDICAMENTO (farmacia_medicamento_id, unidades_disponibles, medicamento_id, farmacia_id, presentacion_medicamento_id) values (farmacia_med_seq.nextval, 231, 8,1,20);
insert into FARMACIA_MEDICAMENTO (farmacia_medicamento_id, unidades_disponibles, medicamento_id, farmacia_id, presentacion_medicamento_id) values (farmacia_med_seq.nextval, 235, 14,4,14);
insert into FARMACIA_MEDICAMENTO (farmacia_medicamento_id, unidades_disponibles, medicamento_id, farmacia_id, presentacion_medicamento_id) values (farmacia_med_seq.nextval, 432, 14,5,14);
insert into FARMACIA_MEDICAMENTO (farmacia_medicamento_id, unidades_disponibles, medicamento_id, farmacia_id, presentacion_medicamento_id) values (farmacia_med_seq.nextval, 137, 9,20,11);

--OPERACION_ALMACEN

--ENTRADA
insert into operacion_almacen (operacion_almacen_id, fecha_evento, tipo_evento, almacen_id, empleado_id) values (ope_almacen_seq.nextval, to_date('13/11/2018','dd/mm/yyyy'), 'ENTRADA', 81, 1);
insert into operacion_almacen (operacion_almacen_id, fecha_evento, tipo_evento, almacen_id, empleado_id) values (ope_almacen_seq.nextval, to_date('10/09/2018','dd/mm/yyyy'), 'ENTRADA', 82, 2);
insert into operacion_almacen (operacion_almacen_id, fecha_evento, tipo_evento, almacen_id, empleado_id) values (ope_almacen_seq.nextval, to_date('20/03/2019','dd/mm/yyyy'), 'ENTRADA', 83, 3);
insert into operacion_almacen (operacion_almacen_id, fecha_evento, tipo_evento, almacen_id, empleado_id) values (ope_almacen_seq.nextval, to_date('05/01/2019','dd/mm/yyyy'), 'ENTRADA', 84, 4);
insert into operacion_almacen (operacion_almacen_id, fecha_evento, tipo_evento, almacen_id, empleado_id) values (ope_almacen_seq.nextval, to_date('09/01/2019','dd/mm/yyyy'), 'ENTRADA', 85, 5);
insert into operacion_almacen (operacion_almacen_id, fecha_evento, tipo_evento, almacen_id, empleado_id) values (ope_almacen_seq.nextval, to_date('26/07/2018','dd/mm/yyyy'), 'ENTRADA', 86, 6);
insert into operacion_almacen (operacion_almacen_id, fecha_evento, tipo_evento, almacen_id, empleado_id) values (ope_almacen_seq.nextval, to_date('21/12/2018','dd/mm/yyyy'), 'ENTRADA', 87, 7);
insert into operacion_almacen (operacion_almacen_id, fecha_evento, tipo_evento, almacen_id, empleado_id) values (ope_almacen_seq.nextval, to_date('13/03/2019','dd/mm/yyyy'), 'ENTRADA', 88, 8);
insert into operacion_almacen (operacion_almacen_id, fecha_evento, tipo_evento, almacen_id, empleado_id) values (ope_almacen_seq.nextval, to_date('06/08/2018','dd/mm/yyyy'), 'ENTRADA', 89, 9);
insert into operacion_almacen (operacion_almacen_id, fecha_evento, tipo_evento, almacen_id, empleado_id) values (ope_almacen_seq.nextval, to_date('10/07/2018','dd/mm/yyyy'), 'ENTRADA', 90, 10);
insert into operacion_almacen (operacion_almacen_id, fecha_evento, tipo_evento, almacen_id, empleado_id) values (ope_almacen_seq.nextval, to_date('12/12/2018','dd/mm/yyyy'), 'ENTRADA', 91, 11);
insert into operacion_almacen (operacion_almacen_id, fecha_evento, tipo_evento, almacen_id, empleado_id) values (ope_almacen_seq.nextval, to_date('01/10/2018','dd/mm/yyyy'), 'ENTRADA', 92, 12);
insert into operacion_almacen (operacion_almacen_id, fecha_evento, tipo_evento, almacen_id, empleado_id) values (ope_almacen_seq.nextval, to_date('06/05/2019','dd/mm/yyyy'), 'ENTRADA', 93, 13);
insert into operacion_almacen (operacion_almacen_id, fecha_evento, tipo_evento, almacen_id, empleado_id) values (ope_almacen_seq.nextval, to_date('26/10/2018','dd/mm/yyyy'), 'ENTRADA', 94, 14);
insert into operacion_almacen (operacion_almacen_id, fecha_evento, tipo_evento, almacen_id, empleado_id) values (ope_almacen_seq.nextval, to_date('05/04/2019','dd/mm/yyyy'), 'ENTRADA', 95, 15);
insert into operacion_almacen (operacion_almacen_id, fecha_evento, tipo_evento, almacen_id, empleado_id) values (ope_almacen_seq.nextval, to_date('08/10/2018','dd/mm/yyyy'), 'ENTRADA', 96, 16);
insert into operacion_almacen (operacion_almacen_id, fecha_evento, tipo_evento, almacen_id, empleado_id) values (ope_almacen_seq.nextval, to_date('25/05/2019','dd/mm/yyyy'), 'ENTRADA', 97, 17);
insert into operacion_almacen (operacion_almacen_id, fecha_evento, tipo_evento, almacen_id, empleado_id) values (ope_almacen_seq.nextval, to_date('20/08/2018','dd/mm/yyyy'), 'ENTRADA', 98, 18);
insert into operacion_almacen (operacion_almacen_id, fecha_evento, tipo_evento, almacen_id, empleado_id) values (ope_almacen_seq.nextval, to_date('01/04/2019','dd/mm/yyyy'), 'ENTRADA', 99, 19);
insert into operacion_almacen (operacion_almacen_id, fecha_evento, tipo_evento, almacen_id, empleado_id) values (ope_almacen_seq.nextval, to_date('08/10/2018','dd/mm/yyyy'), 'ENTRADA', 100, 20);
insert into operacion_almacen (operacion_almacen_id, fecha_evento, tipo_evento, almacen_id, empleado_id) values (ope_almacen_seq.nextval, to_date('03/02/2019','dd/mm/yyyy'), 'ENTRADA', 101, 21);
insert into operacion_almacen (operacion_almacen_id, fecha_evento, tipo_evento, almacen_id, empleado_id) values (ope_almacen_seq.nextval, to_date('06/06/2018','dd/mm/yyyy'), 'ENTRADA', 102, 22);
insert into operacion_almacen (operacion_almacen_id, fecha_evento, tipo_evento, almacen_id, empleado_id) values (ope_almacen_seq.nextval, to_date('18/10/2018','dd/mm/yyyy'), 'ENTRADA', 103, 23);
insert into operacion_almacen (operacion_almacen_id, fecha_evento, tipo_evento, almacen_id, empleado_id) values (ope_almacen_seq.nextval, to_date('30/01/2019','dd/mm/yyyy'), 'ENTRADA', 104, 24);
insert into operacion_almacen (operacion_almacen_id, fecha_evento, tipo_evento, almacen_id, empleado_id) values (ope_almacen_seq.nextval, to_date('05/12/2018','dd/mm/yyyy'), 'ENTRADA', 105, 25);
insert into operacion_almacen (operacion_almacen_id, fecha_evento, tipo_evento, almacen_id, empleado_id) values (ope_almacen_seq.nextval, to_date('17/08/2018','dd/mm/yyyy'), 'ENTRADA', 106, 26);
insert into operacion_almacen (operacion_almacen_id, fecha_evento, tipo_evento, almacen_id, empleado_id) values (ope_almacen_seq.nextval, to_date('17/03/2019','dd/mm/yyyy'), 'ENTRADA', 107, 27);
insert into operacion_almacen (operacion_almacen_id, fecha_evento, tipo_evento, almacen_id, empleado_id) values (ope_almacen_seq.nextval, to_date('14/11/2018','dd/mm/yyyy'), 'ENTRADA', 108, 28);
insert into operacion_almacen (operacion_almacen_id, fecha_evento, tipo_evento, almacen_id, empleado_id) values (ope_almacen_seq.nextval, to_date('22/11/2018','dd/mm/yyyy'), 'ENTRADA', 109, 29);
insert into operacion_almacen (operacion_almacen_id, fecha_evento, tipo_evento, almacen_id, empleado_id) values (ope_almacen_seq.nextval, to_date('13/09/2018','dd/mm/yyyy'), 'ENTRADA', 110, 30);
insert into operacion_almacen (operacion_almacen_id, fecha_evento, tipo_evento, almacen_id, empleado_id) values (ope_almacen_seq.nextval, to_date('14/01/2019','dd/mm/yyyy'), 'ENTRADA', 111, 31);
insert into operacion_almacen (operacion_almacen_id, fecha_evento, tipo_evento, almacen_id, empleado_id) values (ope_almacen_seq.nextval, to_date('21/11/2018','dd/mm/yyyy'), 'ENTRADA', 112, 32);
insert into operacion_almacen (operacion_almacen_id, fecha_evento, tipo_evento, almacen_id, empleado_id) values (ope_almacen_seq.nextval, to_date('28/08/2018','dd/mm/yyyy'), 'ENTRADA', 113, 33);
insert into operacion_almacen (operacion_almacen_id, fecha_evento, tipo_evento, almacen_id, empleado_id) values (ope_almacen_seq.nextval, to_date('17/05/2019','dd/mm/yyyy'), 'ENTRADA', 114, 34);
insert into operacion_almacen (operacion_almacen_id, fecha_evento, tipo_evento, almacen_id, empleado_id) values (ope_almacen_seq.nextval, to_date('30/06/2018','dd/mm/yyyy'), 'ENTRADA', 115, 35);
insert into operacion_almacen (operacion_almacen_id, fecha_evento, tipo_evento, almacen_id, empleado_id) values (ope_almacen_seq.nextval, to_date('12/05/2019','dd/mm/yyyy'), 'ENTRADA', 116, 36);
insert into operacion_almacen (operacion_almacen_id, fecha_evento, tipo_evento, almacen_id, empleado_id) values (ope_almacen_seq.nextval, to_date('19/04/2019','dd/mm/yyyy'), 'ENTRADA', 117, 37);
insert into operacion_almacen (operacion_almacen_id, fecha_evento, tipo_evento, almacen_id, empleado_id) values (ope_almacen_seq.nextval, to_date('15/10/2018','dd/mm/yyyy'), 'ENTRADA', 118, 38);
insert into operacion_almacen (operacion_almacen_id, fecha_evento, tipo_evento, almacen_id, empleado_id) values (ope_almacen_seq.nextval, to_date('16/12/2018','dd/mm/yyyy'), 'ENTRADA', 119, 39);
insert into operacion_almacen (operacion_almacen_id, fecha_evento, tipo_evento, almacen_id, empleado_id) values (ope_almacen_seq.nextval, to_date('30/09/2018','dd/mm/yyyy'), 'ENTRADA', 120, 40);

--SALIDA
insert into operacion_almacen (operacion_almacen_id, tipo_evento, almacen_id, empleado_id) values (ope_almacen_seq.nextval, 'SALIDA', 81, 4);
insert into operacion_almacen (operacion_almacen_id, tipo_evento, almacen_id, empleado_id) values (ope_almacen_seq.nextval, 'SALIDA', 82, 8);
insert into operacion_almacen (operacion_almacen_id, tipo_evento, almacen_id, empleado_id) values (ope_almacen_seq.nextval, 'SALIDA', 83, 12);
insert into operacion_almacen (operacion_almacen_id, tipo_evento, almacen_id, empleado_id) values (ope_almacen_seq.nextval, 'SALIDA', 110, 16);
insert into operacion_almacen (operacion_almacen_id, tipo_evento, almacen_id, empleado_id) values (ope_almacen_seq.nextval, 'SALIDA', 110, 20);
insert into operacion_almacen (operacion_almacen_id, tipo_evento, almacen_id, empleado_id) values (ope_almacen_seq.nextval, 'SALIDA', 110, 24);
insert into operacion_almacen (operacion_almacen_id, tipo_evento, almacen_id, empleado_id) values (ope_almacen_seq.nextval, 'SALIDA', 120, 28);
insert into operacion_almacen (operacion_almacen_id, tipo_evento, almacen_id, empleado_id) values (ope_almacen_seq.nextval, 'SALIDA', 97, 32);
insert into operacion_almacen (operacion_almacen_id, tipo_evento, almacen_id, empleado_id) values (ope_almacen_seq.nextval, 'SALIDA', 98, 36);
insert into operacion_almacen (operacion_almacen_id, tipo_evento, almacen_id, empleado_id) values (ope_almacen_seq.nextval, 'SALIDA', 99, 40);


--ALMACEN MEDICAMENTO
--Operacion 1
insert into almacen_medicamento (almacen_medicamento_id, unidades_medicamento, operacion_almacen_id, medicamento_id) values (almacen_med_seq.nextval, 25, 1, 1);
insert into almacen_medicamento (almacen_medicamento_id, unidades_medicamento, operacion_almacen_id, medicamento_id) values (almacen_med_seq.nextval, 25, 1, 3);
insert into almacen_medicamento (almacen_medicamento_id, unidades_medicamento, operacion_almacen_id, medicamento_id) values (almacen_med_seq.nextval, 25, 1, 5);
insert into almacen_medicamento (almacen_medicamento_id, unidades_medicamento, operacion_almacen_id, medicamento_id) values (almacen_med_seq.nextval, 25, 1, 7);

--Operacion 2
insert into almacen_medicamento (almacen_medicamento_id, unidades_medicamento, operacion_almacen_id, medicamento_id) values (almacen_med_seq.nextval, 10, 2, 20);
insert into almacen_medicamento (almacen_medicamento_id, unidades_medicamento, operacion_almacen_id, medicamento_id) values (almacen_med_seq.nextval, 80, 2, 10);
insert into almacen_medicamento (almacen_medicamento_id, unidades_medicamento, operacion_almacen_id, medicamento_id) values (almacen_med_seq.nextval, 10, 2, 15);

--Operacion 3
insert into almacen_medicamento (almacen_medicamento_id, unidades_medicamento, operacion_almacen_id, medicamento_id) values (almacen_med_seq.nextval, 20, 3, 4);
insert into almacen_medicamento (almacen_medicamento_id, unidades_medicamento, operacion_almacen_id, medicamento_id) values (almacen_med_seq.nextval, 20, 3, 8);
insert into almacen_medicamento (almacen_medicamento_id, unidades_medicamento, operacion_almacen_id, medicamento_id) values (almacen_med_seq.nextval, 20, 3, 12);
insert into almacen_medicamento (almacen_medicamento_id, unidades_medicamento, operacion_almacen_id, medicamento_id) values (almacen_med_seq.nextval, 20, 3, 16);
insert into almacen_medicamento (almacen_medicamento_id, unidades_medicamento, operacion_almacen_id, medicamento_id) values (almacen_med_seq.nextval, 20, 3, 20);

--Operacion 4
insert into almacen_medicamento (almacen_medicamento_id, unidades_medicamento, operacion_almacen_id, medicamento_id) values (almacen_med_seq.nextval, 100, 4, 13);

--Operacion 5
insert into almacen_medicamento (almacen_medicamento_id, unidades_medicamento, operacion_almacen_id, medicamento_id) values (almacen_med_seq.nextval, 33, 5, 13);
insert into almacen_medicamento (almacen_medicamento_id, unidades_medicamento, operacion_almacen_id, medicamento_id) values (almacen_med_seq.nextval, 33, 5, 17);
insert into almacen_medicamento (almacen_medicamento_id, unidades_medicamento, operacion_almacen_id, medicamento_id) values (almacen_med_seq.nextval, 34, 5, 19);

--Operacion 6
insert into almacen_medicamento (almacen_medicamento_id, unidades_medicamento, operacion_almacen_id, medicamento_id) values (almacen_med_seq.nextval, 50, 6, 14);
insert into almacen_medicamento (almacen_medicamento_id, unidades_medicamento, operacion_almacen_id, medicamento_id) values (almacen_med_seq.nextval, 20, 6, 11);
insert into almacen_medicamento (almacen_medicamento_id, unidades_medicamento, operacion_almacen_id, medicamento_id) values (almacen_med_seq.nextval, 30, 6, 18);

--Operacion 7
insert into almacen_medicamento (almacen_medicamento_id, unidades_medicamento, operacion_almacen_id, medicamento_id) values (almacen_med_seq.nextval, 50, 7, 9);
insert into almacen_medicamento (almacen_medicamento_id, unidades_medicamento, operacion_almacen_id, medicamento_id) values (almacen_med_seq.nextval, 50, 7, 1);

--Operacion 8
insert into almacen_medicamento (almacen_medicamento_id, unidades_medicamento, operacion_almacen_id, medicamento_id) values (almacen_med_seq.nextval, 30, 8, 3);
insert into almacen_medicamento (almacen_medicamento_id, unidades_medicamento, operacion_almacen_id, medicamento_id) values (almacen_med_seq.nextval, 30, 8, 6);
insert into almacen_medicamento (almacen_medicamento_id, unidades_medicamento, operacion_almacen_id, medicamento_id) values (almacen_med_seq.nextval, 40, 8, 9);

--Operacion 9
insert into almacen_medicamento (almacen_medicamento_id, unidades_medicamento, operacion_almacen_id, medicamento_id) values (almacen_med_seq.nextval, 10, 9, 5);
insert into almacen_medicamento (almacen_medicamento_id, unidades_medicamento, operacion_almacen_id, medicamento_id) values (almacen_med_seq.nextval, 10, 9, 7);
insert into almacen_medicamento (almacen_medicamento_id, unidades_medicamento, operacion_almacen_id, medicamento_id) values (almacen_med_seq.nextval, 20, 9, 9);
insert into almacen_medicamento (almacen_medicamento_id, unidades_medicamento, operacion_almacen_id, medicamento_id) values (almacen_med_seq.nextval, 60, 9, 13);

--Operacion 10
insert into almacen_medicamento (almacen_medicamento_id, unidades_medicamento, operacion_almacen_id, medicamento_id) values (almacen_med_seq.nextval, 80, 10, 11);
insert into almacen_medicamento (almacen_medicamento_id, unidades_medicamento, operacion_almacen_id, medicamento_id) values (almacen_med_seq.nextval, 20, 10, 19);

--Operacion 11
insert into almacen_medicamento (almacen_medicamento_id, unidades_medicamento, operacion_almacen_id, medicamento_id) values (almacen_med_seq.nextval, 14, 11, 13);
insert into almacen_medicamento (almacen_medicamento_id, unidades_medicamento, operacion_almacen_id, medicamento_id) values (almacen_med_seq.nextval, 16, 11, 14);
insert into almacen_medicamento (almacen_medicamento_id, unidades_medicamento, operacion_almacen_id, medicamento_id) values (almacen_med_seq.nextval, 70, 11, 15);

--Operacion 12
insert into almacen_medicamento (almacen_medicamento_id, unidades_medicamento, operacion_almacen_id, medicamento_id) values (almacen_med_seq.nextval, 54, 12, 1);
insert into almacen_medicamento (almacen_medicamento_id, unidades_medicamento, operacion_almacen_id, medicamento_id) values (almacen_med_seq.nextval, 46, 12, 2);

--Operacion 13
insert into almacen_medicamento (almacen_medicamento_id, unidades_medicamento, operacion_almacen_id, medicamento_id) values (almacen_med_seq.nextval, 15, 13, 6);
insert into almacen_medicamento (almacen_medicamento_id, unidades_medicamento, operacion_almacen_id, medicamento_id) values (almacen_med_seq.nextval, 45, 13, 8);
insert into almacen_medicamento (almacen_medicamento_id, unidades_medicamento, operacion_almacen_id, medicamento_id) values (almacen_med_seq.nextval, 40, 13, 10);

--Operacion 14
insert into almacen_medicamento (almacen_medicamento_id, unidades_medicamento, operacion_almacen_id, medicamento_id) values (almacen_med_seq.nextval, 100, 14, 20);

--Operacion 15
insert into almacen_medicamento (almacen_medicamento_id, unidades_medicamento, operacion_almacen_id, medicamento_id) values (almacen_med_seq.nextval, 15, 15, 3);
insert into almacen_medicamento (almacen_medicamento_id, unidades_medicamento, operacion_almacen_id, medicamento_id) values (almacen_med_seq.nextval, 15, 15, 6);
insert into almacen_medicamento (almacen_medicamento_id, unidades_medicamento, operacion_almacen_id, medicamento_id) values (almacen_med_seq.nextval, 15, 15, 9);
insert into almacen_medicamento (almacen_medicamento_id, unidades_medicamento, operacion_almacen_id, medicamento_id) values (almacen_med_seq.nextval, 15, 15, 12);
insert into almacen_medicamento (almacen_medicamento_id, unidades_medicamento, operacion_almacen_id, medicamento_id) values (almacen_med_seq.nextval, 20, 15, 15);
insert into almacen_medicamento (almacen_medicamento_id, unidades_medicamento, operacion_almacen_id, medicamento_id) values (almacen_med_seq.nextval, 20, 15, 18);

--Operacion 16
insert into almacen_medicamento (almacen_medicamento_id, unidades_medicamento, operacion_almacen_id, medicamento_id) values (almacen_med_seq.nextval, 50, 16, 11);
insert into almacen_medicamento (almacen_medicamento_id, unidades_medicamento, operacion_almacen_id, medicamento_id) values (almacen_med_seq.nextval, 50, 16, 18);

--Operacion 17
insert into almacen_medicamento (almacen_medicamento_id, unidades_medicamento, operacion_almacen_id, medicamento_id) values (almacen_med_seq.nextval, 20, 17, 1);
insert into almacen_medicamento (almacen_medicamento_id, unidades_medicamento, operacion_almacen_id, medicamento_id) values (almacen_med_seq.nextval, 80, 17, 8);

--Operacion 18
insert into almacen_medicamento (almacen_medicamento_id, unidades_medicamento, operacion_almacen_id, medicamento_id) values (almacen_med_seq.nextval, 34, 18, 18);
insert into almacen_medicamento (almacen_medicamento_id, unidades_medicamento, operacion_almacen_id, medicamento_id) values (almacen_med_seq.nextval, 26, 18, 19);
insert into almacen_medicamento (almacen_medicamento_id, unidades_medicamento, operacion_almacen_id, medicamento_id) values (almacen_med_seq.nextval, 40, 18, 20);

--Operacion 19
insert into almacen_medicamento (almacen_medicamento_id, unidades_medicamento, operacion_almacen_id, medicamento_id) values (almacen_med_seq.nextval, 25, 19, 11);
insert into almacen_medicamento (almacen_medicamento_id, unidades_medicamento, operacion_almacen_id, medicamento_id) values (almacen_med_seq.nextval, 75, 19, 18);

--Operacion 20
insert into almacen_medicamento (almacen_medicamento_id, unidades_medicamento, operacion_almacen_id, medicamento_id) values (almacen_med_seq.nextval, 100, 20, 20);

--Operacion 21
insert into almacen_medicamento (almacen_medicamento_id, unidades_medicamento, operacion_almacen_id, medicamento_id) values (almacen_med_seq.nextval, 25, 21, 2);
insert into almacen_medicamento (almacen_medicamento_id, unidades_medicamento, operacion_almacen_id, medicamento_id) values (almacen_med_seq.nextval, 35, 21, 7);

--Operacion 22
insert into almacen_medicamento (almacen_medicamento_id, unidades_medicamento, operacion_almacen_id, medicamento_id) values (almacen_med_seq.nextval, 15, 22, 4);
insert into almacen_medicamento (almacen_medicamento_id, unidades_medicamento, operacion_almacen_id, medicamento_id) values (almacen_med_seq.nextval, 15, 22, 5);
insert into almacen_medicamento (almacen_medicamento_id, unidades_medicamento, operacion_almacen_id, medicamento_id) values (almacen_med_seq.nextval, 10, 22, 13);
insert into almacen_medicamento (almacen_medicamento_id, unidades_medicamento, operacion_almacen_id, medicamento_id) values (almacen_med_seq.nextval, 10, 22, 17);

--Operacion 23
insert into almacen_medicamento (almacen_medicamento_id, unidades_medicamento, operacion_almacen_id, medicamento_id) values (almacen_med_seq.nextval, 20, 23, 8);
insert into almacen_medicamento (almacen_medicamento_id, unidades_medicamento, operacion_almacen_id, medicamento_id) values (almacen_med_seq.nextval, 30, 23, 11);

--Operacion 24
insert into almacen_medicamento (almacen_medicamento_id, unidades_medicamento, operacion_almacen_id, medicamento_id) values (almacen_med_seq.nextval, 20, 24, 12);
insert into almacen_medicamento (almacen_medicamento_id, unidades_medicamento, operacion_almacen_id, medicamento_id) values (almacen_med_seq.nextval, 20, 24, 16);
insert into almacen_medicamento (almacen_medicamento_id, unidades_medicamento, operacion_almacen_id, medicamento_id) values (almacen_med_seq.nextval, 10, 24, 18);

--Operacion 25
insert into almacen_medicamento (almacen_medicamento_id, unidades_medicamento, operacion_almacen_id, medicamento_id) values (almacen_med_seq.nextval, 25, 25, 17);
insert into almacen_medicamento (almacen_medicamento_id, unidades_medicamento, operacion_almacen_id, medicamento_id) values (almacen_med_seq.nextval, 25, 25, 19);

--Operacion 26
insert into almacen_medicamento (almacen_medicamento_id, unidades_medicamento, operacion_almacen_id, medicamento_id) values (almacen_med_seq.nextval, 50, 26, 1);

--Operacion 27
insert into almacen_medicamento (almacen_medicamento_id, unidades_medicamento, operacion_almacen_id, medicamento_id) values (almacen_med_seq.nextval, 40, 27, 3);
insert into almacen_medicamento (almacen_medicamento_id, unidades_medicamento, operacion_almacen_id, medicamento_id) values (almacen_med_seq.nextval, 10, 27, 9);

--Operacion 28
insert into almacen_medicamento (almacen_medicamento_id, unidades_medicamento, operacion_almacen_id, medicamento_id) values (almacen_med_seq.nextval, 20, 28, 6);
insert into almacen_medicamento (almacen_medicamento_id, unidades_medicamento, operacion_almacen_id, medicamento_id) values (almacen_med_seq.nextval, 30, 28, 14);

--Operacion 29
insert into almacen_medicamento (almacen_medicamento_id, unidades_medicamento, operacion_almacen_id, medicamento_id) values (almacen_med_seq.nextval, 15, 29, 10);
insert into almacen_medicamento (almacen_medicamento_id, unidades_medicamento, operacion_almacen_id, medicamento_id) values (almacen_med_seq.nextval, 30, 29, 13);
insert into almacen_medicamento (almacen_medicamento_id, unidades_medicamento, operacion_almacen_id, medicamento_id) values (almacen_med_seq.nextval, 5, 29, 15);

--Operacion 30
insert into almacen_medicamento (almacen_medicamento_id, unidades_medicamento, operacion_almacen_id, medicamento_id) values (almacen_med_seq.nextval, 10, 30, 2);
insert into almacen_medicamento (almacen_medicamento_id, unidades_medicamento, operacion_almacen_id, medicamento_id) values (almacen_med_seq.nextval, 10, 30, 3);
insert into almacen_medicamento (almacen_medicamento_id, unidades_medicamento, operacion_almacen_id, medicamento_id) values (almacen_med_seq.nextval, 10, 30, 5);
insert into almacen_medicamento (almacen_medicamento_id, unidades_medicamento, operacion_almacen_id, medicamento_id) values (almacen_med_seq.nextval, 10, 30, 7);
insert into almacen_medicamento (almacen_medicamento_id, unidades_medicamento, operacion_almacen_id, medicamento_id) values (almacen_med_seq.nextval, 10, 30, 11);

--Operacion 31
insert into almacen_medicamento (almacen_medicamento_id, unidades_medicamento, operacion_almacen_id, medicamento_id) values (almacen_med_seq.nextval, 20, 31, 10);
insert into almacen_medicamento (almacen_medicamento_id, unidades_medicamento, operacion_almacen_id, medicamento_id) values (almacen_med_seq.nextval, 30, 31, 19);

--Operacion 32
insert into almacen_medicamento (almacen_medicamento_id, unidades_medicamento, operacion_almacen_id, medicamento_id) values (almacen_med_seq.nextval, 25, 32, 1);
insert into almacen_medicamento (almacen_medicamento_id, unidades_medicamento, operacion_almacen_id, medicamento_id) values (almacen_med_seq.nextval, 25, 32, 20);

--Operacion 33
insert into almacen_medicamento (almacen_medicamento_id, unidades_medicamento, operacion_almacen_id, medicamento_id) values (almacen_med_seq.nextval, 30, 33, 5);
insert into almacen_medicamento (almacen_medicamento_id, unidades_medicamento, operacion_almacen_id, medicamento_id) values (almacen_med_seq.nextval, 10, 33, 10);
insert into almacen_medicamento (almacen_medicamento_id, unidades_medicamento, operacion_almacen_id, medicamento_id) values (almacen_med_seq.nextval, 10, 33, 15);

--Operacion 34
insert into almacen_medicamento (almacen_medicamento_id, unidades_medicamento, operacion_almacen_id, medicamento_id) values (almacen_med_seq.nextval, 10, 34, 14);
insert into almacen_medicamento (almacen_medicamento_id, unidades_medicamento, operacion_almacen_id, medicamento_id) values (almacen_med_seq.nextval, 10, 34, 16);
insert into almacen_medicamento (almacen_medicamento_id, unidades_medicamento, operacion_almacen_id, medicamento_id) values (almacen_med_seq.nextval, 10, 34, 17);
insert into almacen_medicamento (almacen_medicamento_id, unidades_medicamento, operacion_almacen_id, medicamento_id) values (almacen_med_seq.nextval, 20, 34, 19);

--Operacion 35
insert into almacen_medicamento (almacen_medicamento_id, unidades_medicamento, operacion_almacen_id, medicamento_id) values (almacen_med_seq.nextval, 15, 35, 2);
insert into almacen_medicamento (almacen_medicamento_id, unidades_medicamento, operacion_almacen_id, medicamento_id) values (almacen_med_seq.nextval, 35, 35, 6);

--Operacion 36
insert into almacen_medicamento (almacen_medicamento_id, unidades_medicamento, operacion_almacen_id, medicamento_id) values (almacen_med_seq.nextval, 15, 36, 3);
insert into almacen_medicamento (almacen_medicamento_id, unidades_medicamento, operacion_almacen_id, medicamento_id) values (almacen_med_seq.nextval, 15, 36, 8);
insert into almacen_medicamento (almacen_medicamento_id, unidades_medicamento, operacion_almacen_id, medicamento_id) values (almacen_med_seq.nextval, 20, 36, 14);

--Operacion 37
insert into almacen_medicamento (almacen_medicamento_id, unidades_medicamento, operacion_almacen_id, medicamento_id) values (almacen_med_seq.nextval, 35, 37, 16);
insert into almacen_medicamento (almacen_medicamento_id, unidades_medicamento, operacion_almacen_id, medicamento_id) values (almacen_med_seq.nextval, 15, 37, 20);

--Operacion 38
insert into almacen_medicamento (almacen_medicamento_id, unidades_medicamento, operacion_almacen_id, medicamento_id) values (almacen_med_seq.nextval, 25, 38, 7);
insert into almacen_medicamento (almacen_medicamento_id, unidades_medicamento, operacion_almacen_id, medicamento_id) values (almacen_med_seq.nextval, 35, 38, 17);

--Operacion 39
insert into almacen_medicamento (almacen_medicamento_id, unidades_medicamento, operacion_almacen_id, medicamento_id) values (almacen_med_seq.nextval, 10, 39, 1);
insert into almacen_medicamento (almacen_medicamento_id, unidades_medicamento, operacion_almacen_id, medicamento_id) values (almacen_med_seq.nextval, 40, 39, 8);

--Operacion 40
insert into almacen_medicamento (almacen_medicamento_id, unidades_medicamento, operacion_almacen_id, medicamento_id) values (almacen_med_seq.nextval, 20, 40, 7);
insert into almacen_medicamento (almacen_medicamento_id, unidades_medicamento, operacion_almacen_id, medicamento_id) values (almacen_med_seq.nextval, 15, 40, 14);
insert into almacen_medicamento (almacen_medicamento_id, unidades_medicamento, operacion_almacen_id, medicamento_id) values (almacen_med_seq.nextval, 15, 40, 20);

--Operacion 41
insert into almacen_medicamento (almacen_medicamento_id, unidades_medicamento, operacion_almacen_id, medicamento_id) values (almacen_med_seq.nextval, 50, 41, 13);

--Operacion 42
insert into almacen_medicamento (almacen_medicamento_id, unidades_medicamento, operacion_almacen_id, medicamento_id) values (almacen_med_seq.nextval, 15, 42, 6);
insert into almacen_medicamento (almacen_medicamento_id, unidades_medicamento, operacion_almacen_id, medicamento_id) values (almacen_med_seq.nextval, 20, 42, 9);

--Operacion 43
insert into almacen_medicamento (almacen_medicamento_id, unidades_medicamento, operacion_almacen_id, medicamento_id) values (almacen_med_seq.nextval, 50, 43, 1);
insert into almacen_medicamento (almacen_medicamento_id, unidades_medicamento, operacion_almacen_id, medicamento_id) values (almacen_med_seq.nextval, 40, 43, 2);

--Operacion 44
insert into almacen_medicamento (almacen_medicamento_id, unidades_medicamento, operacion_almacen_id, medicamento_id) values (almacen_med_seq.nextval, 25, 44, 11);
insert into almacen_medicamento (almacen_medicamento_id, unidades_medicamento, operacion_almacen_id, medicamento_id) values (almacen_med_seq.nextval, 25, 44, 18);

--Operacion 45
insert into almacen_medicamento (almacen_medicamento_id, unidades_medicamento, operacion_almacen_id, medicamento_id) values (almacen_med_seq.nextval, 80, 45, 20);

--Operacion 46
insert into almacen_medicamento (almacen_medicamento_id, unidades_medicamento, operacion_almacen_id, medicamento_id) values (almacen_med_seq.nextval, 20, 46, 16);
insert into almacen_medicamento (almacen_medicamento_id, unidades_medicamento, operacion_almacen_id, medicamento_id) values (almacen_med_seq.nextval, 10, 46, 18);

--Operacion 47
insert into almacen_medicamento (almacen_medicamento_id, unidades_medicamento, operacion_almacen_id, medicamento_id) values (almacen_med_seq.nextval, 10, 47, 6);
insert into almacen_medicamento (almacen_medicamento_id, unidades_medicamento, operacion_almacen_id, medicamento_id) values (almacen_med_seq.nextval, 30, 47, 14);

--Operacion 48
insert into almacen_medicamento (almacen_medicamento_id, unidades_medicamento, operacion_almacen_id, medicamento_id) values (almacen_med_seq.nextval, 20, 48, 1);
insert into almacen_medicamento (almacen_medicamento_id, unidades_medicamento, operacion_almacen_id, medicamento_id) values (almacen_med_seq.nextval, 20, 48, 20);

--Operacion 49
insert into almacen_medicamento (almacen_medicamento_id, unidades_medicamento, operacion_almacen_id, medicamento_id) values (almacen_med_seq.nextval, 10, 49, 3);
insert into almacen_medicamento (almacen_medicamento_id, unidades_medicamento, operacion_almacen_id, medicamento_id) values (almacen_med_seq.nextval, 10, 49, 8);
insert into almacen_medicamento (almacen_medicamento_id, unidades_medicamento, operacion_almacen_id, medicamento_id) values (almacen_med_seq.nextval, 20, 49, 14);

--Operacion 50
insert into almacen_medicamento (almacen_medicamento_id, unidades_medicamento, operacion_almacen_id, medicamento_id) values (almacen_med_seq.nextval, 10, 50, 7);
insert into almacen_medicamento (almacen_medicamento_id, unidades_medicamento, operacion_almacen_id, medicamento_id) values (almacen_med_seq.nextval, 7, 50, 14);
insert into almacen_medicamento (almacen_medicamento_id, unidades_medicamento, operacion_almacen_id, medicamento_id) values (almacen_med_seq.nextval, 7, 50, 20);

--TARJETA
insert into tarjeta (tarjeta_id, num_tarjeta, mes, anio, cliente_id) values (tarjeta_seq.nextval, 5241676517598747, 6, 27, 1);
insert into tarjeta (tarjeta_id, num_tarjeta, mes, anio, cliente_id) values (tarjeta_seq.nextval, 1954554321758905, 1, 26, 2);
insert into tarjeta (tarjeta_id, num_tarjeta, mes, anio, cliente_id) values (tarjeta_seq.nextval, 3609039219045248, 4, 26, 3);
insert into tarjeta (tarjeta_id, num_tarjeta, mes, anio, cliente_id) values (tarjeta_seq.nextval, 5578730574999761, 10, 26, 4);
insert into tarjeta (tarjeta_id, num_tarjeta, mes, anio, cliente_id) values (tarjeta_seq.nextval, 6667341580077941, 12, 20, 5);
insert into tarjeta (tarjeta_id, num_tarjeta, mes, anio, cliente_id) values (tarjeta_seq.nextval, 3888873807157807, 8, 19, 6);
insert into tarjeta (tarjeta_id, num_tarjeta, mes, anio, cliente_id) values (tarjeta_seq.nextval, 1148679260940857, 12, 26, 7);
insert into tarjeta (tarjeta_id, num_tarjeta, mes, anio, cliente_id) values (tarjeta_seq.nextval, 3005602786785400, 10, 20, 8);
insert into tarjeta (tarjeta_id, num_tarjeta, mes, anio, cliente_id) values (tarjeta_seq.nextval, 4098984721901189, 6, 24, 9);
insert into tarjeta (tarjeta_id, num_tarjeta, mes, anio, cliente_id) values (tarjeta_seq.nextval, 3885085272080684, 10, 24, 10);
insert into tarjeta (tarjeta_id, num_tarjeta, mes, anio, cliente_id) values (tarjeta_seq.nextval, 1691567472057134, 9, 19, 11);
insert into tarjeta (tarjeta_id, num_tarjeta, mes, anio, cliente_id) values (tarjeta_seq.nextval, 7035299615084443, 11, 21, 12);
insert into tarjeta (tarjeta_id, num_tarjeta, mes, anio, cliente_id) values (tarjeta_seq.nextval, 2973602494442791, 12, 26, 13);
insert into tarjeta (tarjeta_id, num_tarjeta, mes, anio, cliente_id) values (tarjeta_seq.nextval, 1529950410189756, 5, 22, 14);
insert into tarjeta (tarjeta_id, num_tarjeta, mes, anio, cliente_id) values (tarjeta_seq.nextval, 5469643351772458, 1, 23, 15);
insert into tarjeta (tarjeta_id, num_tarjeta, mes, anio, cliente_id) values (tarjeta_seq.nextval, 5541281423295067, 11, 19, 16);
insert into tarjeta (tarjeta_id, num_tarjeta, mes, anio, cliente_id) values (tarjeta_seq.nextval, 5930272116463125, 4, 24, 17);
insert into tarjeta (tarjeta_id, num_tarjeta, mes, anio, cliente_id) values (tarjeta_seq.nextval, 4096840426977821, 2, 22, 18);
insert into tarjeta (tarjeta_id, num_tarjeta, mes, anio, cliente_id) values (tarjeta_seq.nextval, 5306019243123484, 4, 26, 19);
insert into tarjeta (tarjeta_id, num_tarjeta, mes, anio, cliente_id) values (tarjeta_seq.nextval, 7611293675887776, 9, 21, 20);


--TABLA STATUS_PEDIDO
insert into status_pedido(status_pedido_id, clave, descripcion) values(1,'CAPTURADO','pedido capturado');
insert into status_pedido(status_pedido_id, clave, descripcion) values(2,'EN TRANSITO','pedido en transito');
insert into status_pedido(status_pedido_id, clave, descripcion) values(3,'ENTREGADO','pedido entregado');
insert into status_pedido(status_pedido_id, clave, descripcion) values(4,'DEVUELTO','pedido devuelto');
insert into status_pedido(status_pedido_id, clave, descripcion) values(5,'CANCELADO','pedido CANCELADO');

--UBICACION
insert into UBICACION (ubicacion_id, latitud, longitud) values (ubicacion_seq.nextval, 59.12, 18.05);
insert into UBICACION (ubicacion_id, latitud, longitud) values (ubicacion_seq.nextval, 35.60, 82.48);
insert into UBICACION (ubicacion_id, latitud, longitud) values (ubicacion_seq.nextval, 29.98, 122.20);
insert into UBICACION (ubicacion_id, latitud, longitud) values (ubicacion_seq.nextval, 29.80, 118.86);
insert into UBICACION (ubicacion_id, latitud, longitud) values (ubicacion_seq.nextval, 8.79, 115.22);
insert into UBICACION (ubicacion_id, latitud, longitud) values (ubicacion_seq.nextval, 40.78, 20.70);
insert into UBICACION (ubicacion_id, latitud, longitud) values (ubicacion_seq.nextval, 0.78, 113.92);
insert into UBICACION (ubicacion_id, latitud, longitud) values (ubicacion_seq.nextval, 56.87, 14.80);
insert into UBICACION (ubicacion_id, latitud, longitud) values (ubicacion_seq.nextval, 22.60, 48.80);
insert into UBICACION (ubicacion_id, latitud, longitud) values (ubicacion_seq.nextval, 29.10, 119.63);
insert into UBICACION (ubicacion_id, latitud, longitud) values (ubicacion_seq.nextval, 1.00, 104.47);
insert into UBICACION (ubicacion_id, latitud, longitud) values (ubicacion_seq.nextval, 8.31, 121.69);
insert into UBICACION (ubicacion_id, latitud, longitud) values (ubicacion_seq.nextval, 38.41, 140.35);
insert into UBICACION (ubicacion_id, latitud, longitud) values (ubicacion_seq.nextval, 43.55, 19.07);
insert into UBICACION (ubicacion_id, latitud, longitud) values (ubicacion_seq.nextval, 8.95, 83.52);
insert into UBICACION (ubicacion_id, latitud, longitud) values (ubicacion_seq.nextval, 2.18, 98.61);
insert into UBICACION (ubicacion_id, latitud, longitud) values (ubicacion_seq.nextval, 7.95, 112.64);
insert into UBICACION (ubicacion_id, latitud, longitud) values (ubicacion_seq.nextval, 55.95, 40.86);
insert into UBICACION (ubicacion_id, latitud, longitud) values (ubicacion_seq.nextval, 6.21, 106.83);
insert into UBICACION (ubicacion_id, latitud, longitud) values (ubicacion_seq.nextval, 20.25, 0.99);


insert into PEDIDO (pedido_id, fecha_status, folio, importe_total, status_pedido_id, ubicacion_id, cliente_id, responsable_id) values (pedido_seq.nextval, to_date('17/09/2019','dd/mm/yyyy'), 'P4Wu1OOMXloeR', 58356.5, 1, null, 1, 1);
insert into PEDIDO (pedido_id, fecha_status, folio, importe_total, status_pedido_id, ubicacion_id, cliente_id, responsable_id) values (pedido_seq.nextval, to_date('28/01/2019','dd/mm/yyyy'), 'fqAOklUUNJTHz', 60962.91, 1, 2, 2, 2);
insert into PEDIDO (pedido_id, fecha_status, folio, importe_total, status_pedido_id, ubicacion_id, cliente_id, responsable_id) values (pedido_seq.nextval, to_date('04/05/2019','dd/mm/yyyy'), 'D2fHKNR6f9hO3', 35794.0, 1, 3, 3, 3);
insert into PEDIDO (pedido_id, fecha_status, folio, importe_total, status_pedido_id, ubicacion_id, cliente_id, responsable_id) values (pedido_seq.nextval, to_date('06/12/2019','dd/mm/yyyy'), 'NiJWU69FqlzWo', 71690.28, 1, 4, 4, 4);
insert into PEDIDO (pedido_id, fecha_status, folio, importe_total, status_pedido_id, ubicacion_id, cliente_id, responsable_id) values (pedido_seq.nextval, to_date('29/06/2019','dd/mm/yyyy'), 'p7mMgZJmACQh1', 95622.31, 1, 5, 5, 5);
insert into PEDIDO (pedido_id, fecha_status, folio, importe_total, status_pedido_id, ubicacion_id, cliente_id, responsable_id) values (pedido_seq.nextval, to_date('04/10/2019','dd/mm/yyyy'), 'Pj8oZMxe9xNOV', 93921.77, 1, 6, 6, 6);
insert into PEDIDO (pedido_id, fecha_status, folio, importe_total, status_pedido_id, ubicacion_id, cliente_id, responsable_id) values (pedido_seq.nextval, to_date('04/09/2019','dd/mm/yyyy'), 'hLQX02eg1rvF5', 51103.36, 1, 7, 7, 7);
insert into PEDIDO (pedido_id, fecha_status, folio, importe_total, status_pedido_id, ubicacion_id, cliente_id, responsable_id) values (pedido_seq.nextval, to_date('14/05/2019','dd/mm/yyyy'), 'OQlSGGmUFSL5J', 90107.25, 1, 8, 8, 8);
insert into PEDIDO (pedido_id, fecha_status, folio, importe_total, status_pedido_id, ubicacion_id, cliente_id, responsable_id) values (pedido_seq.nextval, to_date('20/07/2019','dd/mm/yyyy'), 'NaXUoYZT813eE', 72383.33, 1, null, 9, 9);
insert into PEDIDO (pedido_id, fecha_status, folio, importe_total, status_pedido_id, ubicacion_id, cliente_id, responsable_id) values (pedido_seq.nextval, to_date('18/02/2019','dd/mm/yyyy'), '9FohryDryH5LP', 53808.53, 1, null, 10, 10);
insert into PEDIDO (pedido_id, fecha_status, folio, importe_total, status_pedido_id, ubicacion_id, cliente_id, responsable_id) values (pedido_seq.nextval, to_date('18/08/2019','dd/mm/yyyy'), '9HFiegEzdnX4q', 57783.67, 1, 11, 11, 11);
insert into PEDIDO (pedido_id, fecha_status, folio, importe_total, status_pedido_id, ubicacion_id, cliente_id, responsable_id) values (pedido_seq.nextval, to_date('22/07/2019','dd/mm/yyyy'), 'qkXPA1yDRKzNm', 78916.66, 1, null, 12, 12);
insert into PEDIDO (pedido_id, fecha_status, folio, importe_total, status_pedido_id, ubicacion_id, cliente_id, responsable_id) values (pedido_seq.nextval, to_date('26/12/2019','dd/mm/yyyy'), '4JzVDwl0RXT7p', 62470.52, 1, 13, 13, 13);
insert into PEDIDO (pedido_id, fecha_status, folio, importe_total, status_pedido_id, ubicacion_id, cliente_id, responsable_id) values (pedido_seq.nextval, to_date('13/03/2019','dd/mm/yyyy'), 'Z5gjlIUdaYP5Q', 74750.99, 1, 14, 14, 14);
insert into PEDIDO (pedido_id, fecha_status, folio, importe_total, status_pedido_id, ubicacion_id, cliente_id, responsable_id) values (pedido_seq.nextval, to_date('24/02/2019','dd/mm/yyyy'), 'tVwwwOHCDjfBv', 43413.4, 1, 15, 15, 15);
insert into PEDIDO (pedido_id, fecha_status, folio, importe_total, status_pedido_id, ubicacion_id, cliente_id, responsable_id) values (pedido_seq.nextval, to_date('20/07/2019','dd/mm/yyyy'), 'ujDeTqpbWhSZB', 23753.17, 1, null, 16, 16);
insert into PEDIDO (pedido_id, fecha_status, folio, importe_total, status_pedido_id, ubicacion_id, cliente_id, responsable_id) values (pedido_seq.nextval, to_date('23/08/2019','dd/mm/yyyy'), 'Fl7xSarMsWm6T', 25540.44, 1, null, 17, 17);
insert into PEDIDO (pedido_id, fecha_status, folio, importe_total, status_pedido_id, ubicacion_id, cliente_id, responsable_id) values (pedido_seq.nextval, to_date('04/01/2019','dd/mm/yyyy'), '5g7o6NYzbQ6Ps', 83559.04, 1, null, 18, 18);
insert into PEDIDO (pedido_id, fecha_status, folio, importe_total, status_pedido_id, ubicacion_id, cliente_id, responsable_id) values (pedido_seq.nextval, to_date('20/11/2019','dd/mm/yyyy'), 'qVUai5sByw6Fb', 80452.68, 1, null, 19, 19);
insert into PEDIDO (pedido_id, fecha_status, folio, importe_total, status_pedido_id, ubicacion_id, cliente_id, responsable_id) values (pedido_seq.nextval, to_date('25/03/2019','dd/mm/yyyy'), '20V2fg5h5ecuj', 65913.11, 1, null, 20, 20);



insert into PEDIDO (pedido_id, fecha_status, folio, importe_total, status_pedido_id, ubicacion_id, cliente_id, responsable_id) values (pedido_seq.nextval, to_date('04/08/2019','dd/mm/yyyy'), 'WPFQUlEn3GpNN', 45016.04, 2, 1, 1, 1);
insert into PEDIDO (pedido_id, fecha_status, folio, importe_total, status_pedido_id, ubicacion_id, cliente_id, responsable_id) values (pedido_seq.nextval, to_date('09/04/2019','dd/mm/yyyy'), 'LPTI0r3zX95CL', 62877.84, 2, 2, 2, 2);
insert into PEDIDO (pedido_id, fecha_status, folio, importe_total, status_pedido_id, ubicacion_id, cliente_id, responsable_id) values (pedido_seq.nextval, to_date('05/01/2019','dd/mm/yyyy'), '79F72jxYpB1vg', 1492.88, 2, null, 3, 3);
insert into PEDIDO (pedido_id, fecha_status, folio, importe_total, status_pedido_id, ubicacion_id, cliente_id, responsable_id) values (pedido_seq.nextval, to_date('18/06/2019','dd/mm/yyyy'), 'ZXd70yfoS6BDA', 11588.94, 2, null, 4, 4);
insert into PEDIDO (pedido_id, fecha_status, folio, importe_total, status_pedido_id, ubicacion_id, cliente_id, responsable_id) values (pedido_seq.nextval, to_date('25/07/2019','dd/mm/yyyy'), 'WRzGPq4bTtWQT', 16757.56, 2, null, 5, 5);
insert into PEDIDO (pedido_id, fecha_status, folio, importe_total, status_pedido_id, ubicacion_id, cliente_id, responsable_id) values (pedido_seq.nextval, to_date('09/03/2019','dd/mm/yyyy'), 'qLmNn2NSaa432', 97170.6, 2, 6, 6, 6);
insert into PEDIDO (pedido_id, fecha_status, folio, importe_total, status_pedido_id, ubicacion_id, cliente_id, responsable_id) values (pedido_seq.nextval, to_date('06/02/2019','dd/mm/yyyy'), '5sqhU0Fft1IzH', 72186.68, 2, null, 7, 7);
insert into PEDIDO (pedido_id, fecha_status, folio, importe_total, status_pedido_id, ubicacion_id, cliente_id, responsable_id) values (pedido_seq.nextval, to_date('02/01/2019','dd/mm/yyyy'), '2omp4wP6usZMM', 84948.36, 2, 8, 8, 8);
insert into PEDIDO (pedido_id, fecha_status, folio, importe_total, status_pedido_id, ubicacion_id, cliente_id, responsable_id) values (pedido_seq.nextval, to_date('21/07/2019','dd/mm/yyyy'), 'zsdZdBrkufSnB', 29494.52, 2, 9, 9, 9);
insert into PEDIDO (pedido_id, fecha_status, folio, importe_total, status_pedido_id, ubicacion_id, cliente_id, responsable_id) values (pedido_seq.nextval, to_date('30/09/2019','dd/mm/yyyy'), 'mTHxGv9H4hIE5', 16274.74, 2, null, 10, 10);
insert into PEDIDO (pedido_id, fecha_status, folio, importe_total, status_pedido_id, ubicacion_id, cliente_id, responsable_id) values (pedido_seq.nextval, to_date('13/04/2019','dd/mm/yyyy'), 't1e9YloR6UUtg', 58101.76, 2, 11, 11, 11);
insert into PEDIDO (pedido_id, fecha_status, folio, importe_total, status_pedido_id, ubicacion_id, cliente_id, responsable_id) values (pedido_seq.nextval, to_date('27/01/2019','dd/mm/yyyy'), '1ZNsJcGZ6mkz8', 20773.72, 2, 12, 12, 12);
insert into PEDIDO (pedido_id, fecha_status, folio, importe_total, status_pedido_id, ubicacion_id, cliente_id, responsable_id) values (pedido_seq.nextval, to_date('19/09/2019','dd/mm/yyyy'), '97N6LBAvgnAT1', 24534.96, 2, null, 13, 13);
insert into PEDIDO (pedido_id, fecha_status, folio, importe_total, status_pedido_id, ubicacion_id, cliente_id, responsable_id) values (pedido_seq.nextval, to_date('12/12/2019','dd/mm/yyyy'), 'lJPRrsPhF6Aae', 22838.78, 2, 14, 14, 14);
insert into PEDIDO (pedido_id, fecha_status, folio, importe_total, status_pedido_id, ubicacion_id, cliente_id, responsable_id) values (pedido_seq.nextval, to_date('03/06/2019','dd/mm/yyyy'), 'K71CiL4j4M5ID', 68629.85, 2, null, 15, 15);
insert into PEDIDO (pedido_id, fecha_status, folio, importe_total, status_pedido_id, ubicacion_id, cliente_id, responsable_id) values (pedido_seq.nextval, to_date('06/09/2019','dd/mm/yyyy'), 'RZuCgUCBQqlt9', 84800.65, 2, null, 16, 16);
insert into PEDIDO (pedido_id, fecha_status, folio, importe_total, status_pedido_id, ubicacion_id, cliente_id, responsable_id) values (pedido_seq.nextval, to_date('18/04/2019','dd/mm/yyyy'), 'pvThmzQYIbV3O', 96465.99, 2, null, 17, 17);
insert into PEDIDO (pedido_id, fecha_status, folio, importe_total, status_pedido_id, ubicacion_id, cliente_id, responsable_id) values (pedido_seq.nextval, to_date('18/09/2019','dd/mm/yyyy'), 'lmfqIIZPfWdNf', 75400.72, 2, 18, 18, 18);
insert into PEDIDO (pedido_id, fecha_status, folio, importe_total, status_pedido_id, ubicacion_id, cliente_id, responsable_id) values (pedido_seq.nextval, to_date('09/05/2019','dd/mm/yyyy'), 'epFETdNYt0FS6', 47290.93, 2, null, 19, 19);
insert into PEDIDO (pedido_id, fecha_status, folio, importe_total, status_pedido_id, ubicacion_id, cliente_id, responsable_id) values (pedido_seq.nextval, to_date('05/08/2019','dd/mm/yyyy'), 'l4L5oBMQJSOUZ', 69195.14, 2, null, 20, 20);


insert into PEDIDO (pedido_id, fecha_status, folio, importe_total, status_pedido_id, ubicacion_id, cliente_id, responsable_id) values (pedido_seq.nextval, to_date('18/05/2019','dd/mm/yyyy'), 'RTcOvIBPrn6wI', 51583.2, 3, null, 1, 1);
insert into PEDIDO (pedido_id, fecha_status, folio, importe_total, status_pedido_id, ubicacion_id, cliente_id, responsable_id) values (pedido_seq.nextval, to_date('16/05/2019','dd/mm/yyyy'), 'IE9gKk7Ml1fH5', 73035.88, 3, 2, 2, 2);
insert into PEDIDO (pedido_id, fecha_status, folio, importe_total, status_pedido_id, ubicacion_id, cliente_id, responsable_id) values (pedido_seq.nextval, to_date('18/05/2019','dd/mm/yyyy'), 'zTbMIMmxR5C8D', 34420.58, 3, null, 3, 3);
insert into PEDIDO (pedido_id, fecha_status, folio, importe_total, status_pedido_id, ubicacion_id, cliente_id, responsable_id) values (pedido_seq.nextval, to_date('16/05/2019','dd/mm/yyyy'), 'zl03pntDKAP8G', 43303.11, 3, null, 4, 4);
insert into PEDIDO (pedido_id, fecha_status, folio, importe_total, status_pedido_id, ubicacion_id, cliente_id, responsable_id) values (pedido_seq.nextval, to_date('18/05/2019','dd/mm/yyyy'), '9ZJ6fwc87OnHe', 79122.84, 3, 5, 5, 5);
insert into PEDIDO (pedido_id, fecha_status, folio, importe_total, status_pedido_id, ubicacion_id, cliente_id, responsable_id) values (pedido_seq.nextval, to_date('16/05/2019','dd/mm/yyyy'), '2qCUR6iGoGFKO', 75826.45, 3, 6, 6, 6);
insert into PEDIDO (pedido_id, fecha_status, folio, importe_total, status_pedido_id, ubicacion_id, cliente_id, responsable_id) values (pedido_seq.nextval, to_date('16/05/2019','dd/mm/yyyy'), 'RPYoTCmgZKpHU', 50935.01, 3, null, 7, 7);
insert into PEDIDO (pedido_id, fecha_status, folio, importe_total, status_pedido_id, ubicacion_id, cliente_id, responsable_id) values (pedido_seq.nextval, to_date('17/05/2019','dd/mm/yyyy'), 'hh0KNms5AUYJ9', 63416.79, 3, null, 8, 8);
insert into PEDIDO (pedido_id, fecha_status, folio, importe_total, status_pedido_id, ubicacion_id, cliente_id, responsable_id) values (pedido_seq.nextval, to_date('18/05/2019','dd/mm/yyyy'), 'oEShp30dP4vZ4', 27261.43, 3, null, 9, 9);
insert into PEDIDO (pedido_id, fecha_status, folio, importe_total, status_pedido_id, ubicacion_id, cliente_id, responsable_id) values (pedido_seq.nextval, to_date('18/05/2019','dd/mm/yyyy'), 'wLxxH9O99Cg1l', 14896.61, 3, null, 10, 10);
insert into PEDIDO (pedido_id, fecha_status, folio, importe_total, status_pedido_id, ubicacion_id, cliente_id, responsable_id) values (pedido_seq.nextval, to_date('17/05/2019','dd/mm/yyyy'), '8gtsZGb6r7otm', 15155.82, 3, null, 11, 11);
insert into PEDIDO (pedido_id, fecha_status, folio, importe_total, status_pedido_id, ubicacion_id, cliente_id, responsable_id) values (pedido_seq.nextval, to_date('19/05/2019','dd/mm/yyyy'), 'HqxmaxxxtdqZi', 23448.86, 3, null, 12, 12);
insert into PEDIDO (pedido_id, fecha_status, folio, importe_total, status_pedido_id, ubicacion_id, cliente_id, responsable_id) values (pedido_seq.nextval, to_date('18/05/2019','dd/mm/yyyy'), 'XNBGK6DZ7nXtn', 27543.32, 3, 13, 13, 13);
insert into PEDIDO (pedido_id, fecha_status, folio, importe_total, status_pedido_id, ubicacion_id, cliente_id, responsable_id) values (pedido_seq.nextval, to_date('18/05/2019','dd/mm/yyyy'), 'BnkOMCqBHQIyZ', 87159.1, 3, 14, 14, 14);
insert into PEDIDO (pedido_id, fecha_status, folio, importe_total, status_pedido_id, ubicacion_id, cliente_id, responsable_id) values (pedido_seq.nextval, to_date('16/05/2019','dd/mm/yyyy'), '3HNSjtjVrZ8iJ', 44896.77, 3, null, 15, 15);
insert into PEDIDO (pedido_id, fecha_status, folio, importe_total, status_pedido_id, ubicacion_id, cliente_id, responsable_id) values (pedido_seq.nextval, to_date('17/05/2019','dd/mm/yyyy'), 'IHmW3iAuBkV0I', 24857.37, 3, 16, 16, 16);
insert into PEDIDO (pedido_id, fecha_status, folio, importe_total, status_pedido_id, ubicacion_id, cliente_id, responsable_id) values (pedido_seq.nextval, to_date('19/05/2019','dd/mm/yyyy'), 'LVA5vtS7l7KEX', 22031.49, 3, null, 17, 17);
insert into PEDIDO (pedido_id, fecha_status, folio, importe_total, status_pedido_id, ubicacion_id, cliente_id, responsable_id) values (pedido_seq.nextval, to_date('16/05/2019','dd/mm/yyyy'), '8kHbxGeOJleX3', 1618.84, 3, null, 18, 18);
insert into PEDIDO (pedido_id, fecha_status, folio, importe_total, status_pedido_id, ubicacion_id, cliente_id, responsable_id) values (pedido_seq.nextval, to_date('19/05/2019','dd/mm/yyyy'), '1RRCb1xjYiZdU', 38988.1, 3, 19, 19, 19);
insert into PEDIDO (pedido_id, fecha_status, folio, importe_total, status_pedido_id, ubicacion_id, cliente_id, responsable_id) values (pedido_seq.nextval, to_date('17/05/2019','dd/mm/yyyy'), '3xEESNnDALmzx', 61594.41, 3, null, 20, 20);


insert into PEDIDO (pedido_id, fecha_status, folio, importe_total, status_pedido_id, ubicacion_id, cliente_id, responsable_id) values (pedido_seq.nextval, to_date('25/05/2019','dd/mm/yyyy'), 'wc14pyolVqWQs', 36807.08, 4, null, 1, 1);
insert into PEDIDO (pedido_id, fecha_status, folio, importe_total, status_pedido_id, ubicacion_id, cliente_id, responsable_id) values (pedido_seq.nextval, to_date('24/05/2019','dd/mm/yyyy'), 'VkAWnh7EevAcf', 68742.19, 4, null, 2, 2);
insert into PEDIDO (pedido_id, fecha_status, folio, importe_total, status_pedido_id, ubicacion_id, cliente_id, responsable_id) values (pedido_seq.nextval, to_date('21/05/2019','dd/mm/yyyy'), 'qlvX6r3NuG4EB', 27114.3, 4, null, 3, 3);
insert into PEDIDO (pedido_id, fecha_status, folio, importe_total, status_pedido_id, ubicacion_id, cliente_id, responsable_id) values (pedido_seq.nextval, to_date('22/05/2019','dd/mm/yyyy'), 'GbZCa4ci105xs', 38514.08, 4, null, 4, 4);
insert into PEDIDO (pedido_id, fecha_status, folio, importe_total, status_pedido_id, ubicacion_id, cliente_id, responsable_id) values (pedido_seq.nextval, to_date('21/05/2019','dd/mm/yyyy'), 'OQQu8PZ8tyuvo', 4435.67, 4, 5, 5, 5);
insert into PEDIDO (pedido_id, fecha_status, folio, importe_total, status_pedido_id, ubicacion_id, cliente_id, responsable_id) values (pedido_seq.nextval, to_date('25/05/2019','dd/mm/yyyy'), 'EcHld5ZNMQdbn', 12670.06, 4, null, 6, 6);
insert into PEDIDO (pedido_id, fecha_status, folio, importe_total, status_pedido_id, ubicacion_id, cliente_id, responsable_id) values (pedido_seq.nextval, to_date('25/05/2019','dd/mm/yyyy'), 'tOwYui6GTinPd', 82465.98, 4, 7, 7, 7);
insert into PEDIDO (pedido_id, fecha_status, folio, importe_total, status_pedido_id, ubicacion_id, cliente_id, responsable_id) values (pedido_seq.nextval, to_date('23/05/2019','dd/mm/yyyy'), 'MYq7nlq5k1GnD', 57930.45, 4, null, 8, 8);
insert into PEDIDO (pedido_id, fecha_status, folio, importe_total, status_pedido_id, ubicacion_id, cliente_id, responsable_id) values (pedido_seq.nextval, to_date('21/05/2019','dd/mm/yyyy'), 'hLQGJSoryM45T', 93466.78, 4, null, 9, 9);
insert into PEDIDO (pedido_id, fecha_status, folio, importe_total, status_pedido_id, ubicacion_id, cliente_id, responsable_id) values (pedido_seq.nextval, to_date('23/05/2019','dd/mm/yyyy'), 'lc0JuoiFB3QTy', 26786.67, 4, 10, 10, 10);
insert into PEDIDO (pedido_id, fecha_status, folio, importe_total, status_pedido_id, ubicacion_id, cliente_id, responsable_id) values (pedido_seq.nextval, to_date('25/05/2019','dd/mm/yyyy'), '3yY97Mw5VGxj5', 64526.31, 4, null, 11, 11);
insert into PEDIDO (pedido_id, fecha_status, folio, importe_total, status_pedido_id, ubicacion_id, cliente_id, responsable_id) values (pedido_seq.nextval, to_date('24/05/2019','dd/mm/yyyy'), 'G45BoROiMVX3z', 37376.52, 4, null, 12, 12);
insert into PEDIDO (pedido_id, fecha_status, folio, importe_total, status_pedido_id, ubicacion_id, cliente_id, responsable_id) values (pedido_seq.nextval, to_date('24/05/2019','dd/mm/yyyy'), '4oFArfyABLrnB', 87535.61, 4, null, 13, 13);
insert into PEDIDO (pedido_id, fecha_status, folio, importe_total, status_pedido_id, ubicacion_id, cliente_id, responsable_id) values (pedido_seq.nextval, to_date('25/05/2019','dd/mm/yyyy'), '7anyeoRO4jmPS', 26138.99, 4, null, 14, 14);
insert into PEDIDO (pedido_id, fecha_status, folio, importe_total, status_pedido_id, ubicacion_id, cliente_id, responsable_id) values (pedido_seq.nextval, to_date('23/05/2019','dd/mm/yyyy'), 'jYSJTzjLOVOS9', 84264.59, 4, 15, 15, 15);
insert into PEDIDO (pedido_id, fecha_status, folio, importe_total, status_pedido_id, ubicacion_id, cliente_id, responsable_id) values (pedido_seq.nextval, to_date('23/05/2019','dd/mm/yyyy'), 'MkpezP2qPIdn9', 95576.95, 4, null, 16, 16);
insert into PEDIDO (pedido_id, fecha_status, folio, importe_total, status_pedido_id, ubicacion_id, cliente_id, responsable_id) values (pedido_seq.nextval, to_date('24/05/2019','dd/mm/yyyy'), 'zmKu3D44GT7dS', 24150.64, 4, 17, 17, 17);
insert into PEDIDO (pedido_id, fecha_status, folio, importe_total, status_pedido_id, ubicacion_id, cliente_id, responsable_id) values (pedido_seq.nextval, to_date('21/05/2019','dd/mm/yyyy'), 'J1lznNLOiYbfJ', 30668.68, 4, null, 18, 18);
insert into PEDIDO (pedido_id, fecha_status, folio, importe_total, status_pedido_id, ubicacion_id, cliente_id, responsable_id) values (pedido_seq.nextval, to_date('23/05/2019','dd/mm/yyyy'), '2grKPSh8tmZWe', 36178.36, 4, null, 19, 19);
insert into PEDIDO (pedido_id, fecha_status, folio, importe_total, status_pedido_id, ubicacion_id, cliente_id, responsable_id) values (pedido_seq.nextval, to_date('23/05/2019','dd/mm/yyyy'), '5bEZpmp2sZxLu', 89413.82, 4, 20, 20, 20);


insert into PEDIDO (pedido_id, fecha_status, folio, importe_total, status_pedido_id, ubicacion_id, cliente_id, responsable_id) values (pedido_seq.nextval, to_date('28/05/2019','dd/mm/yyyy'), 'cskZjQAJBn4BY', 71974.56, 5, 1, 1, 1);
insert into PEDIDO (pedido_id, fecha_status, folio, importe_total, status_pedido_id, ubicacion_id, cliente_id, responsable_id) values (pedido_seq.nextval, to_date('29/05/2019','dd/mm/yyyy'), 'O81L9CrM6rhEn', 19511.23, 5, 2, 2, 2);
insert into PEDIDO (pedido_id, fecha_status, folio, importe_total, status_pedido_id, ubicacion_id, cliente_id, responsable_id) values (pedido_seq.nextval, to_date('29/05/2019','dd/mm/yyyy'), 'LdTef1IGelkKa', 38913.32, 5, 3, 3, 3);
insert into PEDIDO (pedido_id, fecha_status, folio, importe_total, status_pedido_id, ubicacion_id, cliente_id, responsable_id) values (pedido_seq.nextval, to_date('27/05/2019','dd/mm/yyyy'), 'gLBzTMgihtXWq', 50363.63, 5, null, 4, 4);
insert into PEDIDO (pedido_id, fecha_status, folio, importe_total, status_pedido_id, ubicacion_id, cliente_id, responsable_id) values (pedido_seq.nextval, to_date('29/05/2019','dd/mm/yyyy'), '6QQAbVfLULYEy', 49374.56, 5, null, 5, 5);
insert into PEDIDO (pedido_id, fecha_status, folio, importe_total, status_pedido_id, ubicacion_id, cliente_id, responsable_id) values (pedido_seq.nextval, to_date('28/05/2019','dd/mm/yyyy'), 'IpHWAOwhAmTqb', 60546.8, 5, null, 6, 6);
insert into PEDIDO (pedido_id, fecha_status, folio, importe_total, status_pedido_id, ubicacion_id, cliente_id, responsable_id) values (pedido_seq.nextval, to_date('28/05/2019','dd/mm/yyyy'), '4lJhoThlQGY1q', 9293.78, 5, null, 7, 7);
insert into PEDIDO (pedido_id, fecha_status, folio, importe_total, status_pedido_id, ubicacion_id, cliente_id, responsable_id) values (pedido_seq.nextval, to_date('01/06/2019','dd/mm/yyyy'), '7PyKcZF2ZxIoL', 40724.29, 5, null, 8, 8);
insert into PEDIDO (pedido_id, fecha_status, folio, importe_total, status_pedido_id, ubicacion_id, cliente_id, responsable_id) values (pedido_seq.nextval, to_date('03/06/2019','dd/mm/yyyy'), 'T38AMmTgBZfhu', 10781.44, 5, 9, 9, 9);
insert into PEDIDO (pedido_id, fecha_status, folio, importe_total, status_pedido_id, ubicacion_id, cliente_id, responsable_id) values (pedido_seq.nextval, to_date('29/05/2019','dd/mm/yyyy'), 'BFx37Rm5bQ47M', 35278.69, 5, 10, 10, 10);
insert into PEDIDO (pedido_id, fecha_status, folio, importe_total, status_pedido_id, ubicacion_id, cliente_id, responsable_id) values (pedido_seq.nextval, to_date('30/05/2019','dd/mm/yyyy'), '0ke0gmKHyLJCl', 23257.0, 5, null, 11, 11);
insert into PEDIDO (pedido_id, fecha_status, folio, importe_total, status_pedido_id, ubicacion_id, cliente_id, responsable_id) values (pedido_seq.nextval, to_date('01/06/2019','dd/mm/yyyy'), 'yIP8UMER7Lojs', 98530.98, 5, null, 12, 12);
insert into PEDIDO (pedido_id, fecha_status, folio, importe_total, status_pedido_id, ubicacion_id, cliente_id, responsable_id) values (pedido_seq.nextval, to_date('04/06/2019','dd/mm/yyyy'), 'Syrpg9iktsXYb', 56678.41, 5, null, 13, 13);
insert into PEDIDO (pedido_id, fecha_status, folio, importe_total, status_pedido_id, ubicacion_id, cliente_id, responsable_id) values (pedido_seq.nextval, to_date('28/05/2019','dd/mm/yyyy'), 'DHlbQwT4wMO0v', 94581.43, 5, null, 14, 14);
insert into PEDIDO (pedido_id, fecha_status, folio, importe_total, status_pedido_id, ubicacion_id, cliente_id, responsable_id) values (pedido_seq.nextval, to_date('02/06/2019','dd/mm/yyyy'), 'wWFJsdemO0bc6', 11490.23, 5, null, 15, 15);
insert into PEDIDO (pedido_id, fecha_status, folio, importe_total, status_pedido_id, ubicacion_id, cliente_id, responsable_id) values (pedido_seq.nextval, to_date('31/05/2019','dd/mm/yyyy'), 'CerS2YaCX1f87', 5738.19, 5, null, 16, 16);
insert into PEDIDO (pedido_id, fecha_status, folio, importe_total, status_pedido_id, ubicacion_id, cliente_id, responsable_id) values (pedido_seq.nextval, to_date('01/06/2019','dd/mm/yyyy'), 'jXKeo6FMLHVNh', 26111.52, 5, 17, 17, 17);
insert into PEDIDO (pedido_id, fecha_status, folio, importe_total, status_pedido_id, ubicacion_id, cliente_id, responsable_id) values (pedido_seq.nextval, to_date('31/05/2019','dd/mm/yyyy'), 'lxnFDPaRCuOEp', 42941.16, 5, null, 18, 18);
insert into PEDIDO (pedido_id, fecha_status, folio, importe_total, status_pedido_id, ubicacion_id, cliente_id, responsable_id) values (pedido_seq.nextval, to_date('29/05/2019','dd/mm/yyyy'), 'qaLyy5ZjZwUL1', 6075.57, 5, null, 19, 19);
insert into PEDIDO (pedido_id, fecha_status, folio, importe_total, status_pedido_id, ubicacion_id, cliente_id, responsable_id) values (pedido_seq.nextval, to_date('04/06/2019','dd/mm/yyyy'), 'Zo2ihczNFfjiU', 72362.43, 5, null, 20, 20);


insert into DETALLE_PEDIDO (detalle_pedido_id, pedido_id, unidades_medicamento, centro_operaciones_id, presentacion_medicamento_id, medicamento_id) values (detalle_pedido_seq.nextval, 5, 7, 30, 1,10);
insert into DETALLE_PEDIDO (detalle_pedido_id, pedido_id, unidades_medicamento, centro_operaciones_id, presentacion_medicamento_id, medicamento_id) values (detalle_pedido_seq.nextval, 5, 2, 4,2,7);
insert into DETALLE_PEDIDO (detalle_pedido_id, pedido_id, unidades_medicamento, centro_operaciones_id, presentacion_medicamento_id, medicamento_id) values (detalle_pedido_seq.nextval, 1, 18, 33,2,7);
insert into DETALLE_PEDIDO (detalle_pedido_id, pedido_id, unidades_medicamento, centro_operaciones_id, presentacion_medicamento_id, medicamento_id) values (detalle_pedido_seq.nextval, 1, 6, 31,3,8);
insert into DETALLE_PEDIDO (detalle_pedido_id, pedido_id, unidades_medicamento, centro_operaciones_id, presentacion_medicamento_id, medicamento_id) values (detalle_pedido_seq.nextval, 1, 32, 5,3,8);
insert into DETALLE_PEDIDO (detalle_pedido_id, pedido_id, unidades_medicamento, centro_operaciones_id, presentacion_medicamento_id, medicamento_id) values (detalle_pedido_seq.nextval, 2, 54,33,4,15);
insert into DETALLE_PEDIDO (detalle_pedido_id, pedido_id, unidades_medicamento, centro_operaciones_id, presentacion_medicamento_id, medicamento_id) values (detalle_pedido_seq.nextval, 2, 92, 10,4,15);
insert into DETALLE_PEDIDO (detalle_pedido_id, pedido_id, unidades_medicamento, centro_operaciones_id, presentacion_medicamento_id, medicamento_id) values (detalle_pedido_seq.nextval, 3, 2,35,11,9);
insert into DETALLE_PEDIDO (detalle_pedido_id, pedido_id, unidades_medicamento, centro_operaciones_id, presentacion_medicamento_id, medicamento_id) values (detalle_pedido_seq.nextval, 3, 43,22,8,14);
insert into DETALLE_PEDIDO (detalle_pedido_id, pedido_id, unidades_medicamento, centro_operaciones_id, presentacion_medicamento_id, medicamento_id) values (detalle_pedido_seq.nextval, 4, 37, 22,19,14);
insert into DETALLE_PEDIDO (detalle_pedido_id, pedido_id, unidades_medicamento, centro_operaciones_id, presentacion_medicamento_id, medicamento_id) values (detalle_pedido_seq.nextval, 5, 15, 2,19,14);
insert into DETALLE_PEDIDO (detalle_pedido_id, pedido_id, unidades_medicamento, centro_operaciones_id, presentacion_medicamento_id, medicamento_id) values (detalle_pedido_seq.nextval, 6, 16,12,19,14);
insert into DETALLE_PEDIDO (detalle_pedido_id, pedido_id, unidades_medicamento, centro_operaciones_id, presentacion_medicamento_id, medicamento_id) values (detalle_pedido_seq.nextval, 7, 26,2,19,14);
insert into DETALLE_PEDIDO (detalle_pedido_id, pedido_id, unidades_medicamento, centro_operaciones_id, presentacion_medicamento_id, medicamento_id) values (detalle_pedido_seq.nextval, 7, 12,31,20,8);

commit;